"annee","code_region","region","code_departement","departement","surface_conversion","surface_abandonnee"
2010,"84","Auvergne-Rhône-Alpes","01","Ain",2344.477,0
2011,"84","Auvergne-Rhône-Alpes","01","Ain",1800.524,0
2012,"84","Auvergne-Rhône-Alpes","01","Ain",1002.332,0
2013,"84","Auvergne-Rhône-Alpes","01","Ain",888.046,0
2014,"84","Auvergne-Rhône-Alpes","01","Ain",928.668,0
2015,"84","Auvergne-Rhône-Alpes","01","Ain",1196.114,0
2016,"84","Auvergne-Rhône-Alpes","01","Ain",2545.353,0
2017,"84","Auvergne-Rhône-Alpes","01","Ain",4154.293,0
2018,"84","Auvergne-Rhône-Alpes","01","Ain",5014.504,0
2019,"84","Auvergne-Rhône-Alpes","01","Ain",5159.381,0
2020,"84","Auvergne-Rhône-Alpes","01","Ain",4005.786,0
2021,"84","Auvergne-Rhône-Alpes","01","Ain",3778.886,0
2022,"84","Auvergne-Rhône-Alpes","01","Ain",2830.553,0
2023,"84","Auvergne-Rhône-Alpes","01","Ain",2085.583,-78.95599999999831
2024,"84","Auvergne-Rhône-Alpes","01","Ain",1712.047,-441.58300000000236
2010,"94","Corse","2A","Corse-du-Sud",1356.107,0
2011,"94","Corse","2A","Corse-du-Sud",616.531,0
2012,"94","Corse","2A","Corse-du-Sud",347.795,0
2013,"94","Corse","2A","Corse-du-Sud",133.183,-725.8810000000003
2014,"94","Corse","2A","Corse-du-Sud",164.416,-72.53199999999924
2015,"94","Corse","2A","Corse-du-Sud",810.156,0
2016,"94","Corse","2A","Corse-du-Sud",1115.95,0
2017,"94","Corse","2A","Corse-du-Sud",2759.64,0
2018,"94","Corse","2A","Corse-du-Sud",3356.725,0
2019,"94","Corse","2A","Corse-du-Sud",4275.554,0
2020,"94","Corse","2A","Corse-du-Sud",2939.248,0
2021,"94","Corse","2A","Corse-du-Sud",1348.941,0
2022,"94","Corse","2A","Corse-du-Sud",1337.766,-1166.3400000000001
2023,"94","Corse","2A","Corse-du-Sud",2540.735,-574.6000000000004
2024,"94","Corse","2A","Corse-du-Sud",2686.313,-2830.470000000001
2010,"94","Corse","2B","Haute-Corse",982.136,0
2011,"94","Corse","2B","Haute-Corse",1196.902,0
2012,"94","Corse","2B","Haute-Corse",659.696,-55.837000000000444
2013,"94","Corse","2B","Haute-Corse",380.736,0
2014,"94","Corse","2B","Haute-Corse",585.346,0
2015,"94","Corse","2B","Haute-Corse",870.2,0
2016,"94","Corse","2B","Haute-Corse",1297.902,0
2017,"94","Corse","2B","Haute-Corse",3965.4,0
2018,"94","Corse","2B","Haute-Corse",7020.843,0
2019,"94","Corse","2B","Haute-Corse",2847.66,-371.6970000000001
2020,"94","Corse","2B","Haute-Corse",3249.676,0
2021,"94","Corse","2B","Haute-Corse",6489.286,0
2022,"94","Corse","2B","Haute-Corse",7848.848,0
2023,"94","Corse","2B","Haute-Corse",4130.922,-4594.717000000001
2024,"94","Corse","2B","Haute-Corse",5584.152,0
2010,"32","Hauts-de-France","02","Aisne",264.228,0
2011,"32","Hauts-de-France","02","Aisne",656.661,0
2012,"32","Hauts-de-France","02","Aisne",610.2,0
2013,"32","Hauts-de-France","02","Aisne",280.82,0
2014,"32","Hauts-de-France","02","Aisne",238.347,0
2015,"32","Hauts-de-France","02","Aisne",842.502,0
2016,"32","Hauts-de-France","02","Aisne",1178.052,0
2017,"32","Hauts-de-France","02","Aisne",1812.713,0
2018,"32","Hauts-de-France","02","Aisne",1862.329,0
2019,"32","Hauts-de-France","02","Aisne",2514.121,0
2020,"32","Hauts-de-France","02","Aisne",3402.036,0
2021,"32","Hauts-de-France","02","Aisne",3555.336,0
2022,"32","Hauts-de-France","02","Aisne",2758.907,0
2023,"32","Hauts-de-France","02","Aisne",1266.295,-696.0349999999999
2024,"32","Hauts-de-France","02","Aisne",871.671,-644.4570000000003
2010,"84","Auvergne-Rhône-Alpes","03","Allier",4164.481,0
2011,"84","Auvergne-Rhône-Alpes","03","Allier",3414.585,0
2012,"84","Auvergne-Rhône-Alpes","03","Allier",1828.551,0
2013,"84","Auvergne-Rhône-Alpes","03","Allier",1841.94,0
2014,"84","Auvergne-Rhône-Alpes","03","Allier",2040.92,0
2015,"84","Auvergne-Rhône-Alpes","03","Allier",4851.18,0
2016,"84","Auvergne-Rhône-Alpes","03","Allier",3977.858,0
2017,"84","Auvergne-Rhône-Alpes","03","Allier",3270.695,0
2018,"84","Auvergne-Rhône-Alpes","03","Allier",2266.443,0
2019,"84","Auvergne-Rhône-Alpes","03","Allier",2502.592,0
2020,"84","Auvergne-Rhône-Alpes","03","Allier",2207.205,0
2021,"84","Auvergne-Rhône-Alpes","03","Allier",2149.349,-370.7430000000022
2022,"84","Auvergne-Rhône-Alpes","03","Allier",1927.807,-123.88999999999942
2023,"84","Auvergne-Rhône-Alpes","03","Allier",1933.533,-333.78900000000067
2024,"84","Auvergne-Rhône-Alpes","03","Allier",2444.752,0
2010,"93","Provence-Alpes-Côte d'Azur","04","Alpes-de-Haute-Provence",4079.297,0
2011,"93","Provence-Alpes-Côte d'Azur","04","Alpes-de-Haute-Provence",3389.773,0
2012,"93","Provence-Alpes-Côte d'Azur","04","Alpes-de-Haute-Provence",2692.605,0
2013,"93","Provence-Alpes-Côte d'Azur","04","Alpes-de-Haute-Provence",2743.518,0
2014,"93","Provence-Alpes-Côte d'Azur","04","Alpes-de-Haute-Provence",3806.612,0
2015,"93","Provence-Alpes-Côte d'Azur","04","Alpes-de-Haute-Provence",8948.454,0
2016,"93","Provence-Alpes-Côte d'Azur","04","Alpes-de-Haute-Provence",9608.478,0
2017,"93","Provence-Alpes-Côte d'Azur","04","Alpes-de-Haute-Provence",8291.831,0
2018,"93","Provence-Alpes-Côte d'Azur","04","Alpes-de-Haute-Provence",6791.134,0
2019,"93","Provence-Alpes-Côte d'Azur","04","Alpes-de-Haute-Provence",7943.922,0
2020,"93","Provence-Alpes-Côte d'Azur","04","Alpes-de-Haute-Provence",8717.663,0
2021,"93","Provence-Alpes-Côte d'Azur","04","Alpes-de-Haute-Provence",8702.527,0
2022,"93","Provence-Alpes-Côte d'Azur","04","Alpes-de-Haute-Provence",11790.618,0
2023,"93","Provence-Alpes-Côte d'Azur","04","Alpes-de-Haute-Provence",10343.711,0
2024,"93","Provence-Alpes-Côte d'Azur","04","Alpes-de-Haute-Provence",8197.616,-2979.738000000005
2010,"93","Provence-Alpes-Côte d'Azur","05","Hautes-Alpes",2172.345,0
2011,"93","Provence-Alpes-Côte d'Azur","05","Hautes-Alpes",1725.728,0
2012,"93","Provence-Alpes-Côte d'Azur","05","Hautes-Alpes",1537.58,0
2013,"93","Provence-Alpes-Côte d'Azur","05","Hautes-Alpes",1498.176,0
2014,"93","Provence-Alpes-Côte d'Azur","05","Hautes-Alpes",1299.82,0
2015,"93","Provence-Alpes-Côte d'Azur","05","Hautes-Alpes",3404.853,0
2016,"93","Provence-Alpes-Côte d'Azur","05","Hautes-Alpes",5998.635,0
2017,"93","Provence-Alpes-Côte d'Azur","05","Hautes-Alpes",9128.03,0
2018,"93","Provence-Alpes-Côte d'Azur","05","Hautes-Alpes",8156.882,0
2019,"93","Provence-Alpes-Côte d'Azur","05","Hautes-Alpes",5029.481,0
2020,"93","Provence-Alpes-Côte d'Azur","05","Hautes-Alpes",5117.738,0
2021,"93","Provence-Alpes-Côte d'Azur","05","Hautes-Alpes",6562.794,0
2022,"93","Provence-Alpes-Côte d'Azur","05","Hautes-Alpes",4305.771,-2169.3449999999975
2023,"93","Provence-Alpes-Côte d'Azur","05","Hautes-Alpes",7237.421,0
2024,"93","Provence-Alpes-Côte d'Azur","05","Hautes-Alpes",5379.455,-1897.9099999999962
2010,"93","Provence-Alpes-Côte d'Azur","06","Alpes-Maritimes",256.476,0
2011,"93","Provence-Alpes-Côte d'Azur","06","Alpes-Maritimes",164.891,0
2012,"93","Provence-Alpes-Côte d'Azur","06","Alpes-Maritimes",102.072,-289.2529999999997
2013,"93","Provence-Alpes-Côte d'Azur","06","Alpes-Maritimes",72.905,-665.7650000000003
2014,"93","Provence-Alpes-Côte d'Azur","06","Alpes-Maritimes",68.772,-702.5810000000001
2015,"93","Provence-Alpes-Côte d'Azur","06","Alpes-Maritimes",728.931,0
2016,"93","Provence-Alpes-Côte d'Azur","06","Alpes-Maritimes",740.93,-60.83100000000013
2017,"93","Provence-Alpes-Côte d'Azur","06","Alpes-Maritimes",696.165,0
2018,"93","Provence-Alpes-Côte d'Azur","06","Alpes-Maritimes",841.977,0
2019,"93","Provence-Alpes-Côte d'Azur","06","Alpes-Maritimes",1458.168,0
2020,"93","Provence-Alpes-Côte d'Azur","06","Alpes-Maritimes",1337.509,0
2021,"93","Provence-Alpes-Côte d'Azur","06","Alpes-Maritimes",731.949,0
2022,"93","Provence-Alpes-Côte d'Azur","06","Alpes-Maritimes",1685.507,0
2023,"93","Provence-Alpes-Côte d'Azur","06","Alpes-Maritimes",2274.101,0
2024,"93","Provence-Alpes-Côte d'Azur","06","Alpes-Maritimes",1764.404,0
2010,"84","Auvergne-Rhône-Alpes","07","Ardèche",5481.192,0
2011,"84","Auvergne-Rhône-Alpes","07","Ardèche",5074.915,0
2012,"84","Auvergne-Rhône-Alpes","07","Ardèche",2567.829,0
2013,"84","Auvergne-Rhône-Alpes","07","Ardèche",2026.316,0
2014,"84","Auvergne-Rhône-Alpes","07","Ardèche",1782.469,0
2015,"84","Auvergne-Rhône-Alpes","07","Ardèche",2033.211,0
2016,"84","Auvergne-Rhône-Alpes","07","Ardèche",5186.766,0
2017,"84","Auvergne-Rhône-Alpes","07","Ardèche",6379.722,0
2018,"84","Auvergne-Rhône-Alpes","07","Ardèche",4215.403,0
2019,"84","Auvergne-Rhône-Alpes","07","Ardèche",3104.029,0
2020,"84","Auvergne-Rhône-Alpes","07","Ardèche",4102.754,0
2021,"84","Auvergne-Rhône-Alpes","07","Ardèche",4782.401,0
2022,"84","Auvergne-Rhône-Alpes","07","Ardèche",4020.199,0
2023,"84","Auvergne-Rhône-Alpes","07","Ardèche",4459.971,0
2024,"84","Auvergne-Rhône-Alpes","07","Ardèche",4675.183,0
2010,"44","Grand Est","08","Ardennes",2067.65,0
2011,"44","Grand Est","08","Ardennes",2506.14,0
2012,"44","Grand Est","08","Ardennes",1653.05,0
2013,"44","Grand Est","08","Ardennes",1224,0
2014,"44","Grand Est","08","Ardennes",1546.01,0
2015,"44","Grand Est","08","Ardennes",2457.65,0
2016,"44","Grand Est","08","Ardennes",3791.846,0
2017,"44","Grand Est","08","Ardennes",3309.61,0
2018,"44","Grand Est","08","Ardennes",3062.566,0
2019,"44","Grand Est","08","Ardennes",3769.099,0
2020,"44","Grand Est","08","Ardennes",4774.625,0
2021,"44","Grand Est","08","Ardennes",4001.574,0
2022,"44","Grand Est","08","Ardennes",2358.679,0
2023,"44","Grand Est","08","Ardennes",1480.394,-1239.1460000000006
2024,"44","Grand Est","08","Ardennes",761.824,-1405.4150000000009
2010,"76","Occitanie","09","Ariège",6146.137,0
2011,"76","Occitanie","09","Ariège",6234.403,0
2012,"76","Occitanie","09","Ariège",1654.785,0
2013,"76","Occitanie","09","Ariège",872.686,0
2014,"76","Occitanie","09","Ariège",1222.747,-422.1660000000011
2015,"76","Occitanie","09","Ariège",6566.266,0
2016,"76","Occitanie","09","Ariège",8358.67,0
2017,"76","Occitanie","09","Ariège",4949.206,0
2018,"76","Occitanie","09","Ariège",4455.596,0
2019,"76","Occitanie","09","Ariège",5889.324,0
2020,"76","Occitanie","09","Ariège",7013.432,0
2021,"76","Occitanie","09","Ariège",7463.936,0
2022,"76","Occitanie","09","Ariège",5621.689,0
2023,"76","Occitanie","09","Ariège",3718.028,0
2024,"76","Occitanie","09","Ariège",5310.556,0
2010,"44","Grand Est","10","Aube",782.138,0
2011,"44","Grand Est","10","Aube",807.147,0
2012,"44","Grand Est","10","Aube",545.036,0
2013,"44","Grand Est","10","Aube",521.804,-185.68600000000015
2014,"44","Grand Est","10","Aube",434.178,0
2015,"44","Grand Est","10","Aube",1885.551,0
2016,"44","Grand Est","10","Aube",2893.751,0
2017,"44","Grand Est","10","Aube",2809.855,0
2018,"44","Grand Est","10","Aube",3301.029,0
2019,"44","Grand Est","10","Aube",5001.876,0
2020,"44","Grand Est","10","Aube",6296.9,0
2021,"44","Grand Est","10","Aube",6978.525,0
2022,"44","Grand Est","10","Aube",5927.104,0
2023,"44","Grand Est","10","Aube",3139.868,-300.89900000000125
2024,"44","Grand Est","10","Aube",1863.885,0
2010,"76","Occitanie","11","Aude",5673.029,0
2011,"76","Occitanie","11","Aude",5640.404,0
2012,"76","Occitanie","11","Aude",3934.408,0
2013,"76","Occitanie","11","Aude",3616.571,0
2014,"76","Occitanie","11","Aude",3947.916,-253.47000000000116
2015,"76","Occitanie","11","Aude",9053.345,0
2016,"76","Occitanie","11","Aude",12329.06,0
2017,"76","Occitanie","11","Aude",11335.004,0
2018,"76","Occitanie","11","Aude",11590.731,0
2019,"76","Occitanie","11","Aude",15174.646,0
2020,"76","Occitanie","11","Aude",13450.972,0
2021,"76","Occitanie","11","Aude",15224.074,0
2022,"76","Occitanie","11","Aude",14253.99,0
2023,"76","Occitanie","11","Aude",9962.023,-2748.475000000006
2024,"76","Occitanie","11","Aude",10119.708,0
2010,"76","Occitanie","12","Aveyron",11440.83,0
2011,"76","Occitanie","12","Aveyron",7269.892,0
2012,"76","Occitanie","12","Aveyron",3429.414,0
2013,"76","Occitanie","12","Aveyron",2962.45,0
2014,"76","Occitanie","12","Aveyron",4249.873,0
2015,"76","Occitanie","12","Aveyron",10884.671,0
2016,"76","Occitanie","12","Aveyron",20352.97,0
2017,"76","Occitanie","12","Aveyron",23277.838,0
2018,"76","Occitanie","12","Aveyron",14687.882,0
2019,"76","Occitanie","12","Aveyron",8918.275,0
2020,"76","Occitanie","12","Aveyron",7490.345,0
2021,"76","Occitanie","12","Aveyron",7373.274,0
2022,"76","Occitanie","12","Aveyron",7008.065,0
2023,"76","Occitanie","12","Aveyron",5666.228,-1941.0339999999997
2024,"76","Occitanie","12","Aveyron",5107.985,-837.523000000001
2010,"93","Provence-Alpes-Côte d'Azur","13","Bouches-du-Rhône",2712.016,0
2011,"93","Provence-Alpes-Côte d'Azur","13","Bouches-du-Rhône",4294.121,0
2012,"93","Provence-Alpes-Côte d'Azur","13","Bouches-du-Rhône",5228.618,0
2013,"93","Provence-Alpes-Côte d'Azur","13","Bouches-du-Rhône",4604.834,0
2014,"93","Provence-Alpes-Côte d'Azur","13","Bouches-du-Rhône",3928.196,0
2015,"93","Provence-Alpes-Côte d'Azur","13","Bouches-du-Rhône",5572.969,0
2016,"93","Provence-Alpes-Côte d'Azur","13","Bouches-du-Rhône",5205.427,0
2017,"93","Provence-Alpes-Côte d'Azur","13","Bouches-du-Rhône",5480.715,0
2018,"93","Provence-Alpes-Côte d'Azur","13","Bouches-du-Rhône",6797.207,0
2019,"93","Provence-Alpes-Côte d'Azur","13","Bouches-du-Rhône",9054.362,0
2020,"93","Provence-Alpes-Côte d'Azur","13","Bouches-du-Rhône",10594.46,0
2021,"93","Provence-Alpes-Côte d'Azur","13","Bouches-du-Rhône",8840.255,0
2022,"93","Provence-Alpes-Côte d'Azur","13","Bouches-du-Rhône",6630.242,0
2023,"93","Provence-Alpes-Côte d'Azur","13","Bouches-du-Rhône",5271.046,-2729.243000000002
2024,"93","Provence-Alpes-Côte d'Azur","13","Bouches-du-Rhône",5305.805,-4553.976000000002
2010,"28","Normandie","14","Calvados",3310.713,0
2011,"28","Normandie","14","Calvados",3868.262,0
2012,"28","Normandie","14","Calvados",3255.288,0
2013,"28","Normandie","14","Calvados",1523.816,-548.3130000000001
2014,"28","Normandie","14","Calvados",1791.328,0
2015,"28","Normandie","14","Calvados",3678.734,0
2016,"28","Normandie","14","Calvados",6554.235,0
2017,"28","Normandie","14","Calvados",6898.962,0
2018,"28","Normandie","14","Calvados",5052.077,0
2019,"28","Normandie","14","Calvados",6241.254,0
2020,"28","Normandie","14","Calvados",7210.324,0
2021,"28","Normandie","14","Calvados",5711.594,0
2022,"28","Normandie","14","Calvados",3937.692,0
2023,"28","Normandie","14","Calvados",2137.327,-2146.675000000003
2024,"28","Normandie","14","Calvados",1366.821,-1825.846999999998
2010,"84","Auvergne-Rhône-Alpes","15","Cantal",2676.97,0
2011,"84","Auvergne-Rhône-Alpes","15","Cantal",1221.178,0
2012,"84","Auvergne-Rhône-Alpes","15","Cantal",534.344,-20.167999999999665
2013,"84","Auvergne-Rhône-Alpes","15","Cantal",536.735,0
2014,"84","Auvergne-Rhône-Alpes","15","Cantal",1268.83,0
2015,"84","Auvergne-Rhône-Alpes","15","Cantal",3897.43,0
2016,"84","Auvergne-Rhône-Alpes","15","Cantal",8621.232,0
2017,"84","Auvergne-Rhône-Alpes","15","Cantal",8486.742,0
2018,"84","Auvergne-Rhône-Alpes","15","Cantal",5572.998,0
2019,"84","Auvergne-Rhône-Alpes","15","Cantal",3930.769,0
2020,"84","Auvergne-Rhône-Alpes","15","Cantal",2835.485,-717.6349999999984
2021,"84","Auvergne-Rhône-Alpes","15","Cantal",1993.477,0
2022,"84","Auvergne-Rhône-Alpes","15","Cantal",2384.739,-69.56400000000212
2023,"84","Auvergne-Rhône-Alpes","15","Cantal",2306.489,-759.9789999999994
2024,"84","Auvergne-Rhône-Alpes","15","Cantal",2347.217,-585.0279999999984
2010,"75","Nouvelle-Aquitaine","16","Charente",2449.313,0
2011,"75","Nouvelle-Aquitaine","16","Charente",2205.82,0
2012,"75","Nouvelle-Aquitaine","16","Charente",1756.47,0
2013,"75","Nouvelle-Aquitaine","16","Charente",1348.58,-152.5699999999997
2014,"75","Nouvelle-Aquitaine","16","Charente",1500.11,0
2015,"75","Nouvelle-Aquitaine","16","Charente",3107.329,0
2016,"75","Nouvelle-Aquitaine","16","Charente",5249.855,0
2017,"75","Nouvelle-Aquitaine","16","Charente",5868.92,0
2018,"75","Nouvelle-Aquitaine","16","Charente",5135.086,0
2019,"75","Nouvelle-Aquitaine","16","Charente",5937.016,0
2020,"75","Nouvelle-Aquitaine","16","Charente",6059.539,0
2021,"75","Nouvelle-Aquitaine","16","Charente",5596.149,0
2022,"75","Nouvelle-Aquitaine","16","Charente",3411.188,-586.4140000000007
2023,"75","Nouvelle-Aquitaine","16","Charente",1524.592,-1075.7059999999983
2024,"75","Nouvelle-Aquitaine","16","Charente",1365.531,-1460.143
2010,"75","Nouvelle-Aquitaine","17","Charente-Maritime",1625.869,0
2011,"75","Nouvelle-Aquitaine","17","Charente-Maritime",2343.031,0
2012,"75","Nouvelle-Aquitaine","17","Charente-Maritime",1437.479,0
2013,"75","Nouvelle-Aquitaine","17","Charente-Maritime",836.729,-253.42199999999957
2014,"75","Nouvelle-Aquitaine","17","Charente-Maritime",677.609,0
2015,"75","Nouvelle-Aquitaine","17","Charente-Maritime",1169.95,0
2016,"75","Nouvelle-Aquitaine","17","Charente-Maritime",4235.42,0
2017,"75","Nouvelle-Aquitaine","17","Charente-Maritime",5226.16,0
2018,"75","Nouvelle-Aquitaine","17","Charente-Maritime",4711.228,0
2019,"75","Nouvelle-Aquitaine","17","Charente-Maritime",4535.745,0
2020,"75","Nouvelle-Aquitaine","17","Charente-Maritime",3990.346,0
2021,"75","Nouvelle-Aquitaine","17","Charente-Maritime",4225.17,0
2022,"75","Nouvelle-Aquitaine","17","Charente-Maritime",2549.263,0
2023,"75","Nouvelle-Aquitaine","17","Charente-Maritime",1509.553,-467.6140000000014
2024,"75","Nouvelle-Aquitaine","17","Charente-Maritime",1209.055,-1054.262999999999
2010,"24","Centre-Val de Loire","18","Cher",2427.352,0
2011,"24","Centre-Val de Loire","18","Cher",1571.544,0
2012,"24","Centre-Val de Loire","18","Cher",897.02,-16.520000000000437
2013,"24","Centre-Val de Loire","18","Cher",1166.75,0
2014,"24","Centre-Val de Loire","18","Cher",1478.55,0
2015,"24","Centre-Val de Loire","18","Cher",5385.133,0
2016,"24","Centre-Val de Loire","18","Cher",4673.63,0
2017,"24","Centre-Val de Loire","18","Cher",3792.72,0
2018,"24","Centre-Val de Loire","18","Cher",3332.967,0
2019,"24","Centre-Val de Loire","18","Cher",4880.922,0
2020,"24","Centre-Val de Loire","18","Cher",6873.883,0
2021,"24","Centre-Val de Loire","18","Cher",6810.392,0
2022,"24","Centre-Val de Loire","18","Cher",4473.834,0
2023,"24","Centre-Val de Loire","18","Cher",2585.567,0
2024,"24","Centre-Val de Loire","18","Cher",1423.115,-604.1059999999998
2010,"75","Nouvelle-Aquitaine","19","Corrèze",1010.034,0
2011,"75","Nouvelle-Aquitaine","19","Corrèze",964.018,0
2012,"75","Nouvelle-Aquitaine","19","Corrèze",913.171,0
2013,"75","Nouvelle-Aquitaine","19","Corrèze",707.931,0
2014,"75","Nouvelle-Aquitaine","19","Corrèze",773.97,0
2015,"75","Nouvelle-Aquitaine","19","Corrèze",1193.239,0
2016,"75","Nouvelle-Aquitaine","19","Corrèze",2836.224,0
2017,"75","Nouvelle-Aquitaine","19","Corrèze",2921.552,0
2018,"75","Nouvelle-Aquitaine","19","Corrèze",1948.464,0
2019,"75","Nouvelle-Aquitaine","19","Corrèze",2458.806,0
2020,"75","Nouvelle-Aquitaine","19","Corrèze",2893.005,0
2021,"75","Nouvelle-Aquitaine","19","Corrèze",2933.582,0
2022,"75","Nouvelle-Aquitaine","19","Corrèze",2286.435,0
2023,"75","Nouvelle-Aquitaine","19","Corrèze",2615.414,0
2024,"75","Nouvelle-Aquitaine","19","Corrèze",2899.698,0
2010,"27","Bourgogne-Franche-Comté","21","Côte-d'Or",4023.856,0
2011,"27","Bourgogne-Franche-Comté","21","Côte-d'Or",3649.436,0
2012,"27","Bourgogne-Franche-Comté","21","Côte-d'Or",1472.728,-142.23500000000058
2013,"27","Bourgogne-Franche-Comté","21","Côte-d'Or",1672.852,0
2014,"27","Bourgogne-Franche-Comté","21","Côte-d'Or",2377.916,0
2015,"27","Bourgogne-Franche-Comté","21","Côte-d'Or",6117.25,0
2016,"27","Bourgogne-Franche-Comté","21","Côte-d'Or",9713.877,0
2017,"27","Bourgogne-Franche-Comté","21","Côte-d'Or",9668.616,0
2018,"27","Bourgogne-Franche-Comté","21","Côte-d'Or",11041.898,0
2019,"27","Bourgogne-Franche-Comté","21","Côte-d'Or",15995.14,0
2020,"27","Bourgogne-Franche-Comté","21","Côte-d'Or",16049.232,0
2021,"27","Bourgogne-Franche-Comté","21","Côte-d'Or",16829.649,0
2022,"27","Bourgogne-Franche-Comté","21","Côte-d'Or",12443.396,0
2023,"27","Bourgogne-Franche-Comté","21","Côte-d'Or",6223.704,0
2024,"27","Bourgogne-Franche-Comté","21","Côte-d'Or",7868.403,-391.55399999999645
2010,"53","Bretagne","22","Côtes-d'Armor",3296.012,0
2011,"53","Bretagne","22","Côtes-d'Armor",4933.771,0
2012,"53","Bretagne","22","Côtes-d'Armor",2316.684,0
2013,"53","Bretagne","22","Côtes-d'Armor",1609.991,0
2014,"53","Bretagne","22","Côtes-d'Armor",1479.35,0
2015,"53","Bretagne","22","Côtes-d'Armor",2165.387,0
2016,"53","Bretagne","22","Côtes-d'Armor",4572.988,0
2017,"53","Bretagne","22","Côtes-d'Armor",6619.831,0
2018,"53","Bretagne","22","Côtes-d'Armor",8453.154,0
2019,"53","Bretagne","22","Côtes-d'Armor",8944.752,0
2020,"53","Bretagne","22","Côtes-d'Armor",7993.988,0
2021,"53","Bretagne","22","Côtes-d'Armor",7529.644,0
2022,"53","Bretagne","22","Côtes-d'Armor",5858.233,0
2023,"53","Bretagne","22","Côtes-d'Armor",3744.539,-813.476999999999
2024,"53","Bretagne","22","Côtes-d'Armor",2334.293,-410.8660000000018
2010,"75","Nouvelle-Aquitaine","23","Creuse",1965.987,0
2011,"75","Nouvelle-Aquitaine","23","Creuse",2013.658,0
2012,"75","Nouvelle-Aquitaine","23","Creuse",1954.707,0
2013,"75","Nouvelle-Aquitaine","23","Creuse",1713.876,0
2014,"75","Nouvelle-Aquitaine","23","Creuse",1344.053,0
2015,"75","Nouvelle-Aquitaine","23","Creuse",2659.858,0
2016,"75","Nouvelle-Aquitaine","23","Creuse",2991,0
2017,"75","Nouvelle-Aquitaine","23","Creuse",3183.305,0
2018,"75","Nouvelle-Aquitaine","23","Creuse",3142.206,0
2019,"75","Nouvelle-Aquitaine","23","Creuse",2653.65,0
2020,"75","Nouvelle-Aquitaine","23","Creuse",2839.56,0
2021,"75","Nouvelle-Aquitaine","23","Creuse",3826.027,0
2022,"75","Nouvelle-Aquitaine","23","Creuse",4428.779,0
2023,"75","Nouvelle-Aquitaine","23","Creuse",2369.33,-941.3339999999989
2024,"75","Nouvelle-Aquitaine","23","Creuse",2099.672,0
2010,"75","Nouvelle-Aquitaine","24","Dordogne",5677.754,0
2011,"75","Nouvelle-Aquitaine","24","Dordogne",4444.626,0
2012,"75","Nouvelle-Aquitaine","24","Dordogne",3280.573,0
2013,"75","Nouvelle-Aquitaine","24","Dordogne",2195.986,0
2014,"75","Nouvelle-Aquitaine","24","Dordogne",3498.694,0
2015,"75","Nouvelle-Aquitaine","24","Dordogne",4758.372,0
2016,"75","Nouvelle-Aquitaine","24","Dordogne",6554.873,0
2017,"75","Nouvelle-Aquitaine","24","Dordogne",7440.608,0
2018,"75","Nouvelle-Aquitaine","24","Dordogne",9471.969,0
2019,"75","Nouvelle-Aquitaine","24","Dordogne",11118.962,0
2020,"75","Nouvelle-Aquitaine","24","Dordogne",9568.109,0
2021,"75","Nouvelle-Aquitaine","24","Dordogne",10673.664,0
2022,"75","Nouvelle-Aquitaine","24","Dordogne",9416.917,0
2023,"75","Nouvelle-Aquitaine","24","Dordogne",6276.042,-972.8949999999968
2024,"75","Nouvelle-Aquitaine","24","Dordogne",4799.594,-1137.961000000003
2010,"27","Bourgogne-Franche-Comté","25","Doubs",2034.53,0
2011,"27","Bourgogne-Franche-Comté","25","Doubs",1453.976,0
2012,"27","Bourgogne-Franche-Comté","25","Doubs",710.23,0
2013,"27","Bourgogne-Franche-Comté","25","Doubs",311.961,-342.4210000000003
2014,"27","Bourgogne-Franche-Comté","25","Doubs",732.8,-24.689000000000306
2015,"27","Bourgogne-Franche-Comté","25","Doubs",976.975,0
2016,"27","Bourgogne-Franche-Comté","25","Doubs",1518.628,0
2017,"27","Bourgogne-Franche-Comté","25","Doubs",1897.4,0
2018,"27","Bourgogne-Franche-Comté","25","Doubs",2178.96,0
2019,"27","Bourgogne-Franche-Comté","25","Doubs",2005.22,0
2020,"27","Bourgogne-Franche-Comté","25","Doubs",2453.387,0
2021,"27","Bourgogne-Franche-Comté","25","Doubs",2449.726,0
2022,"27","Bourgogne-Franche-Comté","25","Doubs",1247.929,0
2023,"27","Bourgogne-Franche-Comté","25","Doubs",578.817,-541.1589999999997
2024,"27","Bourgogne-Franche-Comté","25","Doubs",781.099,0
2010,"84","Auvergne-Rhône-Alpes","26","Drôme",6592.158,0
2011,"84","Auvergne-Rhône-Alpes","26","Drôme",6467.612,0
2012,"84","Auvergne-Rhône-Alpes","26","Drôme",4654.299,0
2013,"84","Auvergne-Rhône-Alpes","26","Drôme",3135.078,0
2014,"84","Auvergne-Rhône-Alpes","26","Drôme",2831.03,0
2015,"84","Auvergne-Rhône-Alpes","26","Drôme",5593.618,0
2016,"84","Auvergne-Rhône-Alpes","26","Drôme",7070.129,0
2017,"84","Auvergne-Rhône-Alpes","26","Drôme",7438.734,0
2018,"84","Auvergne-Rhône-Alpes","26","Drôme",6941.066,0
2019,"84","Auvergne-Rhône-Alpes","26","Drôme",8181.711,0
2020,"84","Auvergne-Rhône-Alpes","26","Drôme",10809.987,0
2021,"84","Auvergne-Rhône-Alpes","26","Drôme",11011.848,0
2022,"84","Auvergne-Rhône-Alpes","26","Drôme",10394.451,0
2023,"84","Auvergne-Rhône-Alpes","26","Drôme",6567.354,-1955.484000000004
2024,"84","Auvergne-Rhône-Alpes","26","Drôme",5228.597,-2362.5339999999997
2010,"28","Normandie","27","Eure",1031.461,0
2011,"28","Normandie","27","Eure",977.535,0
2012,"28","Normandie","27","Eure",771.93,-16.54300000000012
2013,"28","Normandie","27","Eure",466.5,0
2014,"28","Normandie","27","Eure",305.164,0
2015,"28","Normandie","27","Eure",530.94,0
2016,"28","Normandie","27","Eure",963.093,0
2017,"28","Normandie","27","Eure",1741.76,0
2018,"28","Normandie","27","Eure",2320.352,0
2019,"28","Normandie","27","Eure",3298.333,0
2020,"28","Normandie","27","Eure",4098.169,0
2021,"28","Normandie","27","Eure",3762.835,0
2022,"28","Normandie","27","Eure",2316.395,0
2023,"28","Normandie","27","Eure",1021.367,-393.2980000000007
2024,"28","Normandie","27","Eure",622.312,-207.2559999999994
2010,"24","Centre-Val de Loire","28","Eure-et-Loir",364.171,0
2011,"24","Centre-Val de Loire","28","Eure-et-Loir",639.77,0
2012,"24","Centre-Val de Loire","28","Eure-et-Loir",409.82,0
2013,"24","Centre-Val de Loire","28","Eure-et-Loir",276.88,0
2014,"24","Centre-Val de Loire","28","Eure-et-Loir",616.7,0
2015,"24","Centre-Val de Loire","28","Eure-et-Loir",650.26,0
2016,"24","Centre-Val de Loire","28","Eure-et-Loir",773.96,0
2017,"24","Centre-Val de Loire","28","Eure-et-Loir",1368.95,0
2018,"24","Centre-Val de Loire","28","Eure-et-Loir",4256.211,0
2019,"24","Centre-Val de Loire","28","Eure-et-Loir",5873.41,0
2020,"24","Centre-Val de Loire","28","Eure-et-Loir",4620.413,0
2021,"24","Centre-Val de Loire","28","Eure-et-Loir",3410.501,0
2022,"24","Centre-Val de Loire","28","Eure-et-Loir",2369.084,0
2023,"24","Centre-Val de Loire","28","Eure-et-Loir",1427.707,-139.8670000000002
2024,"24","Centre-Val de Loire","28","Eure-et-Loir",682.327,-1827.0229999999992
2010,"53","Bretagne","29","Finistère",2539.208,0
2011,"53","Bretagne","29","Finistère",3326.041,0
2012,"53","Bretagne","29","Finistère",2523.568,0
2013,"53","Bretagne","29","Finistère",2035.537,0
2014,"53","Bretagne","29","Finistère",1541.386,0
2015,"53","Bretagne","29","Finistère",2307.343,0
2016,"53","Bretagne","29","Finistère",4782.899,0
2017,"53","Bretagne","29","Finistère",5697.215,0
2018,"53","Bretagne","29","Finistère",6607.636,0
2019,"53","Bretagne","29","Finistère",7031.913,0
2020,"53","Bretagne","29","Finistère",6455.803,0
2021,"53","Bretagne","29","Finistère",5411.753,0
2022,"53","Bretagne","29","Finistère",4277.526,0
2023,"53","Bretagne","29","Finistère",3614.837,-864.1719999999987
2024,"53","Bretagne","29","Finistère",3182.615,-49.59900000000198
2010,"76","Occitanie","30","Gard",6138.991,0
2011,"76","Occitanie","30","Gard",6662.538,0
2012,"76","Occitanie","30","Gard",4752.568,0
2013,"76","Occitanie","30","Gard",4127.381,0
2014,"76","Occitanie","30","Gard",4490.83,0
2015,"76","Occitanie","30","Gard",3536.081,0
2016,"76","Occitanie","30","Gard",3497.156,0
2017,"76","Occitanie","30","Gard",4912.329,0
2018,"76","Occitanie","30","Gard",5956.955,0
2019,"76","Occitanie","30","Gard",7824.941,0
2020,"76","Occitanie","30","Gard",11283.366,0
2021,"76","Occitanie","30","Gard",14598.757,0
2022,"76","Occitanie","30","Gard",13449.261,0
2023,"76","Occitanie","30","Gard",8172.567,-67.99399999999878
2024,"76","Occitanie","30","Gard",8810.669,0
2010,"76","Occitanie","31","Haute-Garonne",2473.098,0
2011,"76","Occitanie","31","Haute-Garonne",3835.162,0
2012,"76","Occitanie","31","Haute-Garonne",2484.242,0
2013,"76","Occitanie","31","Haute-Garonne",1124.527,0
2014,"76","Occitanie","31","Haute-Garonne",2990.562,0
2015,"76","Occitanie","31","Haute-Garonne",11244.856,0
2016,"76","Occitanie","31","Haute-Garonne",13425.432,0
2017,"76","Occitanie","31","Haute-Garonne",8605.292,0
2018,"76","Occitanie","31","Haute-Garonne",8427.362,0
2019,"76","Occitanie","31","Haute-Garonne",12309.995,0
2020,"76","Occitanie","31","Haute-Garonne",13626.481,0
2021,"76","Occitanie","31","Haute-Garonne",11178.156,0
2022,"76","Occitanie","31","Haute-Garonne",7897.281,0
2023,"76","Occitanie","31","Haute-Garonne",5355.326,-2508.226999999999
2024,"76","Occitanie","31","Haute-Garonne",9582.434,0
2010,"76","Occitanie","32","Gers",5419.888,0
2011,"76","Occitanie","32","Gers",7358.304,0
2012,"76","Occitanie","32","Gers",6700.01,0
2013,"76","Occitanie","32","Gers",5433.29,0
2014,"76","Occitanie","32","Gers",8045.23,0
2015,"76","Occitanie","32","Gers",25103.368,0
2016,"76","Occitanie","32","Gers",28677.135,0
2017,"76","Occitanie","32","Gers",19350.138,0
2018,"76","Occitanie","32","Gers",21905.453,0
2019,"76","Occitanie","32","Gers",28692.835,0
2020,"76","Occitanie","32","Gers",27663.36,0
2021,"76","Occitanie","32","Gers",29501.84,0
2022,"76","Occitanie","32","Gers",20684.405,0
2023,"76","Occitanie","32","Gers",13643.163,-7374.370999999999
2024,"76","Occitanie","32","Gers",19467.247,-6774.959000000003
2010,"75","Nouvelle-Aquitaine","33","Gironde",3606.972,0
2011,"75","Nouvelle-Aquitaine","33","Gironde",4906.379,0
2012,"75","Nouvelle-Aquitaine","33","Gironde",4493.508,0
2013,"75","Nouvelle-Aquitaine","33","Gironde",2812.627,0
2014,"75","Nouvelle-Aquitaine","33","Gironde",1871.076,0
2015,"75","Nouvelle-Aquitaine","33","Gironde",2625.247,0
2016,"75","Nouvelle-Aquitaine","33","Gironde",2401.127,0
2017,"75","Nouvelle-Aquitaine","33","Gironde",4399.902,0
2018,"75","Nouvelle-Aquitaine","33","Gironde",6481.692,0
2019,"75","Nouvelle-Aquitaine","33","Gironde",9444.129,0
2020,"75","Nouvelle-Aquitaine","33","Gironde",14965.637,0
2021,"75","Nouvelle-Aquitaine","33","Gironde",20989.155,0
2022,"75","Nouvelle-Aquitaine","33","Gironde",18190.909,0
2023,"75","Nouvelle-Aquitaine","33","Gironde",10795.738,-2192.6569999999992
2024,"75","Nouvelle-Aquitaine","33","Gironde",5871.087,-3349.0880000000034
2010,"76","Occitanie","34","Hérault",5948.791,0
2011,"76","Occitanie","34","Hérault",5208.993,0
2012,"76","Occitanie","34","Hérault",5313.358,0
2013,"76","Occitanie","34","Hérault",2574.942,-793.3669999999984
2014,"76","Occitanie","34","Hérault",2704.793,0
2015,"76","Occitanie","34","Hérault",3619.004,0
2016,"76","Occitanie","34","Hérault",4448.131,0
2017,"76","Occitanie","34","Hérault",6670.191,0
2018,"76","Occitanie","34","Hérault",7722.237,0
2019,"76","Occitanie","34","Hérault",9479.02,0
2020,"76","Occitanie","34","Hérault",10662.031,0
2021,"76","Occitanie","34","Hérault",10871.093,0
2022,"76","Occitanie","34","Hérault",10992.49,0
2023,"76","Occitanie","34","Hérault",9890.873,0
2024,"76","Occitanie","34","Hérault",8491.937,-225.97299999999814
2010,"53","Bretagne","35","Ille-et-Vilaine",5524.818,0
2011,"53","Bretagne","35","Ille-et-Vilaine",5250.36,0
2012,"53","Bretagne","35","Ille-et-Vilaine",2164.471,0
2013,"53","Bretagne","35","Ille-et-Vilaine",1471.597,0
2014,"53","Bretagne","35","Ille-et-Vilaine",1637.89,0
2015,"53","Bretagne","35","Ille-et-Vilaine",1840.113,0
2016,"53","Bretagne","35","Ille-et-Vilaine",6070.838,0
2017,"53","Bretagne","35","Ille-et-Vilaine",8060.137,0
2018,"53","Bretagne","35","Ille-et-Vilaine",6755.061,0
2019,"53","Bretagne","35","Ille-et-Vilaine",6967.67,0
2020,"53","Bretagne","35","Ille-et-Vilaine",8802.955,0
2021,"53","Bretagne","35","Ille-et-Vilaine",9479.512,0
2022,"53","Bretagne","35","Ille-et-Vilaine",5335.941,0
2023,"53","Bretagne","35","Ille-et-Vilaine",4218.441,-952.0190000000002
2024,"53","Bretagne","35","Ille-et-Vilaine",2734.357,-705.0160000000033
2010,"24","Centre-Val de Loire","36","Indre",2640.328,0
2011,"24","Centre-Val de Loire","36","Indre",2134.42,0
2012,"24","Centre-Val de Loire","36","Indre",1676.62,0
2013,"24","Centre-Val de Loire","36","Indre",1197.417,0
2014,"24","Centre-Val de Loire","36","Indre",1752.677,0
2015,"24","Centre-Val de Loire","36","Indre",3350.577,0
2016,"24","Centre-Val de Loire","36","Indre",3122.08,0
2017,"24","Centre-Val de Loire","36","Indre",3348.65,0
2018,"24","Centre-Val de Loire","36","Indre",4280.119,0
2019,"24","Centre-Val de Loire","36","Indre",5797.53,0
2020,"24","Centre-Val de Loire","36","Indre",5366.476,0
2021,"24","Centre-Val de Loire","36","Indre",5242.665,0
2022,"24","Centre-Val de Loire","36","Indre",4651.239,0
2023,"24","Centre-Val de Loire","36","Indre",3366.929,-1016.7920000000013
2024,"24","Centre-Val de Loire","36","Indre",2551.685,-281.7649999999994
2010,"24","Centre-Val de Loire","37","Indre-et-Loire",3418.565,0
2011,"24","Centre-Val de Loire","37","Indre-et-Loire",3367.104,0
2012,"24","Centre-Val de Loire","37","Indre-et-Loire",2115.889,0
2013,"24","Centre-Val de Loire","37","Indre-et-Loire",1476.893,0
2014,"24","Centre-Val de Loire","37","Indre-et-Loire",1733.48,0
2015,"24","Centre-Val de Loire","37","Indre-et-Loire",2828.85,0
2016,"24","Centre-Val de Loire","37","Indre-et-Loire",2436.959,0
2017,"24","Centre-Val de Loire","37","Indre-et-Loire",2362.714,0
2018,"24","Centre-Val de Loire","37","Indre-et-Loire",4891.047,0
2019,"24","Centre-Val de Loire","37","Indre-et-Loire",5056.197,0
2020,"24","Centre-Val de Loire","37","Indre-et-Loire",3949.229,0
2021,"24","Centre-Val de Loire","37","Indre-et-Loire",4640.835,0
2022,"24","Centre-Val de Loire","37","Indre-et-Loire",4581.591,0
2023,"24","Centre-Val de Loire","37","Indre-et-Loire",3004.546,-296.1680000000015
2024,"24","Centre-Val de Loire","37","Indre-et-Loire",1984.859,-876.4159999999974
2010,"84","Auvergne-Rhône-Alpes","38","Isère",3574.691,0
2011,"84","Auvergne-Rhône-Alpes","38","Isère",3202.432,0
2012,"84","Auvergne-Rhône-Alpes","38","Isère",2128.11,0
2013,"84","Auvergne-Rhône-Alpes","38","Isère",1157.214,0
2014,"84","Auvergne-Rhône-Alpes","38","Isère",947.514,-268.4359999999997
2015,"84","Auvergne-Rhône-Alpes","38","Isère",2395.787,0
2016,"84","Auvergne-Rhône-Alpes","38","Isère",5458.286,0
2017,"84","Auvergne-Rhône-Alpes","38","Isère",5651.465,0
2018,"84","Auvergne-Rhône-Alpes","38","Isère",5634.591,0
2019,"84","Auvergne-Rhône-Alpes","38","Isère",5813.075,0
2020,"84","Auvergne-Rhône-Alpes","38","Isère",6505.299,0
2021,"84","Auvergne-Rhône-Alpes","38","Isère",6145.705,0
2022,"84","Auvergne-Rhône-Alpes","38","Isère",3827.035,0
2023,"84","Auvergne-Rhône-Alpes","38","Isère",2459.965,-602.4239999999991
2024,"84","Auvergne-Rhône-Alpes","38","Isère",2019.505,-288.6150000000016
2010,"27","Bourgogne-Franche-Comté","39","Jura",2044.286,0
2011,"27","Bourgogne-Franche-Comté","39","Jura",1560.748,0
2012,"27","Bourgogne-Franche-Comté","39","Jura",1203.289,-44.18499999999949
2013,"27","Bourgogne-Franche-Comté","39","Jura",657.43,0
2014,"27","Bourgogne-Franche-Comté","39","Jura",1187.838,0
2015,"27","Bourgogne-Franche-Comté","39","Jura",3013.424,0
2016,"27","Bourgogne-Franche-Comté","39","Jura",4387.617,0
2017,"27","Bourgogne-Franche-Comté","39","Jura",5594.14,0
2018,"27","Bourgogne-Franche-Comté","39","Jura",5225.632,0
2019,"27","Bourgogne-Franche-Comté","39","Jura",3391.42,0
2020,"27","Bourgogne-Franche-Comté","39","Jura",2638.697,0
2021,"27","Bourgogne-Franche-Comté","39","Jura",3745.843,0
2022,"27","Bourgogne-Franche-Comté","39","Jura",3452.276,0
2023,"27","Bourgogne-Franche-Comté","39","Jura",2190.928,0
2024,"27","Bourgogne-Franche-Comté","39","Jura",2043.729,-260.34100000000035
2010,"75","Nouvelle-Aquitaine","40","Landes",768.189,0
2011,"75","Nouvelle-Aquitaine","40","Landes",795.038,0
2012,"75","Nouvelle-Aquitaine","40","Landes",567.752,0
2013,"75","Nouvelle-Aquitaine","40","Landes",266.56,-110.70000000000073
2014,"75","Nouvelle-Aquitaine","40","Landes",445.96,0
2015,"75","Nouvelle-Aquitaine","40","Landes",776.9,0
2016,"75","Nouvelle-Aquitaine","40","Landes",1138.59,0
2017,"75","Nouvelle-Aquitaine","40","Landes",1807.534,0
2018,"75","Nouvelle-Aquitaine","40","Landes",3842.958,0
2019,"75","Nouvelle-Aquitaine","40","Landes",4644.398,0
2020,"75","Nouvelle-Aquitaine","40","Landes",3070.756,0
2021,"75","Nouvelle-Aquitaine","40","Landes",1961.632,0
2022,"75","Nouvelle-Aquitaine","40","Landes",1093.91,-749.8680000000004
2023,"75","Nouvelle-Aquitaine","40","Landes",572.421,-2296.7800000000007
2024,"75","Nouvelle-Aquitaine","40","Landes",920.599,-699.9809999999998
2010,"24","Centre-Val de Loire","41","Loir-et-Cher",1462.205,0
2011,"24","Centre-Val de Loire","41","Loir-et-Cher",976.459,0
2012,"24","Centre-Val de Loire","41","Loir-et-Cher",699.594,0
2013,"24","Centre-Val de Loire","41","Loir-et-Cher",231.066,-298.5719999999992
2014,"24","Centre-Val de Loire","41","Loir-et-Cher",453.436,0
2015,"24","Centre-Val de Loire","41","Loir-et-Cher",1349.519,0
2016,"24","Centre-Val de Loire","41","Loir-et-Cher",1233.666,-306.0150000000003
2017,"24","Centre-Val de Loire","41","Loir-et-Cher",1265.35,0
2018,"24","Centre-Val de Loire","41","Loir-et-Cher",1541.177,0
2019,"24","Centre-Val de Loire","41","Loir-et-Cher",2662.129,0
2020,"24","Centre-Val de Loire","41","Loir-et-Cher",3297.514,0
2021,"24","Centre-Val de Loire","41","Loir-et-Cher",3296.404,0
2022,"24","Centre-Val de Loire","41","Loir-et-Cher",2736.423,0
2023,"24","Centre-Val de Loire","41","Loir-et-Cher",1822.643,-405.4200000000001
2024,"24","Centre-Val de Loire","41","Loir-et-Cher",1676.15,0
2010,"84","Auvergne-Rhône-Alpes","42","Loire",2908.18,0
2011,"84","Auvergne-Rhône-Alpes","42","Loire",3156.655,0
2012,"84","Auvergne-Rhône-Alpes","42","Loire",1068.624,0
2013,"84","Auvergne-Rhône-Alpes","42","Loire",742.773,0
2014,"84","Auvergne-Rhône-Alpes","42","Loire",995.019,0
2015,"84","Auvergne-Rhône-Alpes","42","Loire",1753.525,0
2016,"84","Auvergne-Rhône-Alpes","42","Loire",5615.24,0
2017,"84","Auvergne-Rhône-Alpes","42","Loire",7972.688,0
2018,"84","Auvergne-Rhône-Alpes","42","Loire",7208.274,0
2019,"84","Auvergne-Rhône-Alpes","42","Loire",4204.443,0
2020,"84","Auvergne-Rhône-Alpes","42","Loire",3327.221,0
2021,"84","Auvergne-Rhône-Alpes","42","Loire",3544.851,0
2022,"84","Auvergne-Rhône-Alpes","42","Loire",2080.155,0
2023,"84","Auvergne-Rhône-Alpes","42","Loire",2215.018,0
2024,"84","Auvergne-Rhône-Alpes","42","Loire",1849.333,-1210.3230000000003
2010,"84","Auvergne-Rhône-Alpes","43","Haute-Loire",5113.929,0
2011,"84","Auvergne-Rhône-Alpes","43","Haute-Loire",4629.04,0
2012,"84","Auvergne-Rhône-Alpes","43","Haute-Loire",2179.879,0
2013,"84","Auvergne-Rhône-Alpes","43","Haute-Loire",1362.804,0
2014,"84","Auvergne-Rhône-Alpes","43","Haute-Loire",1508.067,0
2015,"84","Auvergne-Rhône-Alpes","43","Haute-Loire",2070.998,0
2016,"84","Auvergne-Rhône-Alpes","43","Haute-Loire",8974.256,0
2017,"84","Auvergne-Rhône-Alpes","43","Haute-Loire",10465.098,0
2018,"84","Auvergne-Rhône-Alpes","43","Haute-Loire",6482.157,0
2019,"84","Auvergne-Rhône-Alpes","43","Haute-Loire",4199.018,0
2020,"84","Auvergne-Rhône-Alpes","43","Haute-Loire",3124.387,0
2021,"84","Auvergne-Rhône-Alpes","43","Haute-Loire",3348.852,0
2022,"84","Auvergne-Rhône-Alpes","43","Haute-Loire",2863.356,0
2023,"84","Auvergne-Rhône-Alpes","43","Haute-Loire",1915.846,-246.4429999999993
2024,"84","Auvergne-Rhône-Alpes","43","Haute-Loire",1996.867,0
2010,"52","Pays de la Loire","44","Loire-Atlantique",8017.82,0
2011,"52","Pays de la Loire","44","Loire-Atlantique",9007.671,0
2012,"52","Pays de la Loire","44","Loire-Atlantique",5088.32,0
2013,"52","Pays de la Loire","44","Loire-Atlantique",3661.1,0
2014,"52","Pays de la Loire","44","Loire-Atlantique",3692.999,0
2015,"52","Pays de la Loire","44","Loire-Atlantique",6561.803,0
2016,"52","Pays de la Loire","44","Loire-Atlantique",12839.175,0
2017,"52","Pays de la Loire","44","Loire-Atlantique",16375.973,0
2018,"52","Pays de la Loire","44","Loire-Atlantique",15357.081,0
2019,"52","Pays de la Loire","44","Loire-Atlantique",16821.938,0
2020,"52","Pays de la Loire","44","Loire-Atlantique",15492.004,0
2021,"52","Pays de la Loire","44","Loire-Atlantique",11966.312,0
2022,"52","Pays de la Loire","44","Loire-Atlantique",9051.874,0
2023,"52","Pays de la Loire","44","Loire-Atlantique",8527.144,0
2024,"52","Pays de la Loire","44","Loire-Atlantique",6647.918,-1560.8949999999895
2010,"24","Centre-Val de Loire","45","Loiret",1156.707,0
2011,"24","Centre-Val de Loire","45","Loiret",987.205,0
2012,"24","Centre-Val de Loire","45","Loiret",964.48,0
2013,"24","Centre-Val de Loire","45","Loiret",610.409,0
2014,"24","Centre-Val de Loire","45","Loiret",543.6,0
2015,"24","Centre-Val de Loire","45","Loiret",933.57,0
2016,"24","Centre-Val de Loire","45","Loiret",1282.834,0
2017,"24","Centre-Val de Loire","45","Loiret",1324.794,0
2018,"24","Centre-Val de Loire","45","Loiret",2660.847,0
2019,"24","Centre-Val de Loire","45","Loiret",3953.739,0
2020,"24","Centre-Val de Loire","45","Loiret",4211.453,0
2021,"24","Centre-Val de Loire","45","Loiret",3451.555,0
2022,"24","Centre-Val de Loire","45","Loiret",1658.714,0
2023,"24","Centre-Val de Loire","45","Loiret",1099.254,-210.40099999999984
2024,"24","Centre-Val de Loire","45","Loiret",833.846,-289.64100000000144
2010,"76","Occitanie","46","Lot",2459.319,0
2011,"76","Occitanie","46","Lot",1786.56,0
2012,"76","Occitanie","46","Lot",1204.07,0
2013,"76","Occitanie","46","Lot",1241.027,0
2014,"76","Occitanie","46","Lot",1761.436,0
2015,"76","Occitanie","46","Lot",4076.208,0
2016,"76","Occitanie","46","Lot",6669.846,0
2017,"76","Occitanie","46","Lot",6024.126,0
2018,"76","Occitanie","46","Lot",4298.521,0
2019,"76","Occitanie","46","Lot",4258.387,0
2020,"76","Occitanie","46","Lot",6049.824,0
2021,"76","Occitanie","46","Lot",6673.312,0
2022,"76","Occitanie","46","Lot",6041.356,0
2023,"76","Occitanie","46","Lot",5469.372,0
2024,"76","Occitanie","46","Lot",6450.831,0
2010,"75","Nouvelle-Aquitaine","47","Lot-et-Garonne",1499.082,0
2011,"75","Nouvelle-Aquitaine","47","Lot-et-Garonne",2012.597,0
2012,"75","Nouvelle-Aquitaine","47","Lot-et-Garonne",2182.07,0
2013,"75","Nouvelle-Aquitaine","47","Lot-et-Garonne",1558.664,0
2014,"75","Nouvelle-Aquitaine","47","Lot-et-Garonne",2198.53,0
2015,"75","Nouvelle-Aquitaine","47","Lot-et-Garonne",4678.484,0
2016,"75","Nouvelle-Aquitaine","47","Lot-et-Garonne",7415.18,0
2017,"75","Nouvelle-Aquitaine","47","Lot-et-Garonne",7716.046,0
2018,"75","Nouvelle-Aquitaine","47","Lot-et-Garonne",7516.022,0
2019,"75","Nouvelle-Aquitaine","47","Lot-et-Garonne",8636.836,0
2020,"75","Nouvelle-Aquitaine","47","Lot-et-Garonne",9052.558,0
2021,"75","Nouvelle-Aquitaine","47","Lot-et-Garonne",8619.991,0
2022,"75","Nouvelle-Aquitaine","47","Lot-et-Garonne",7238.651,0
2023,"75","Nouvelle-Aquitaine","47","Lot-et-Garonne",4661.512,-2274.233
2024,"75","Nouvelle-Aquitaine","47","Lot-et-Garonne",3789.752,-1984.1990000000005
2010,"76","Occitanie","48","Lozère",4959.982,0
2011,"76","Occitanie","48","Lozère",2783.113,0
2012,"76","Occitanie","48","Lozère",1032.34,0
2013,"76","Occitanie","48","Lozère",766.713,0
2014,"76","Occitanie","48","Lozère",1141.457,-833.6510000000017
2015,"76","Occitanie","48","Lozère",7524.3,0
2016,"76","Occitanie","48","Lozère",18922.639,0
2017,"76","Occitanie","48","Lozère",18649.756,0
2018,"76","Occitanie","48","Lozère",8639.392,0
2019,"76","Occitanie","48","Lozère",5315.272,0
2020,"76","Occitanie","48","Lozère",5538.169,0
2021,"76","Occitanie","48","Lozère",5784.732,0
2022,"76","Occitanie","48","Lozère",5008.54,0
2023,"76","Occitanie","48","Lozère",4020.157,-3792.5480000000025
2024,"76","Occitanie","48","Lozère",4157.675,-1303.8699999999953
2010,"52","Pays de la Loire","49","Maine-et-Loire",5424.604,0
2011,"52","Pays de la Loire","49","Maine-et-Loire",5764.155,0
2012,"52","Pays de la Loire","49","Maine-et-Loire",4209.281,0
2013,"52","Pays de la Loire","49","Maine-et-Loire",3207.455,-286.60499999999956
2014,"52","Pays de la Loire","49","Maine-et-Loire",3485.217,0
2015,"52","Pays de la Loire","49","Maine-et-Loire",5385.163,0
2016,"52","Pays de la Loire","49","Maine-et-Loire",10534.668,0
2017,"52","Pays de la Loire","49","Maine-et-Loire",10751.432,0
2018,"52","Pays de la Loire","49","Maine-et-Loire",9774.8,0
2019,"52","Pays de la Loire","49","Maine-et-Loire",11311.526,0
2020,"52","Pays de la Loire","49","Maine-et-Loire",11765.271,0
2021,"52","Pays de la Loire","49","Maine-et-Loire",11174.389,0
2022,"52","Pays de la Loire","49","Maine-et-Loire",8099.296,0
2023,"52","Pays de la Loire","49","Maine-et-Loire",5769.82,0
2024,"52","Pays de la Loire","49","Maine-et-Loire",3794.32,-996.3610000000044
2010,"28","Normandie","50","Manche",2608.072,0
2011,"28","Normandie","50","Manche",3974.869,0
2012,"28","Normandie","50","Manche",2921.861,0
2013,"28","Normandie","50","Manche",1828.557,0
2014,"28","Normandie","50","Manche",1903.062,0
2015,"28","Normandie","50","Manche",2532.397,0
2016,"28","Normandie","50","Manche",6532.071,0
2017,"28","Normandie","50","Manche",7802.03,0
2018,"28","Normandie","50","Manche",6652.733,0
2019,"28","Normandie","50","Manche",6848.971,0
2020,"28","Normandie","50","Manche",6796.964,0
2021,"28","Normandie","50","Manche",7806.981,0
2022,"28","Normandie","50","Manche",5240.607,0
2023,"28","Normandie","50","Manche",2447.469,-1244.3570000000036
2024,"28","Normandie","50","Manche",2393.522,-736.8529999999955
2010,"44","Grand Est","51","Marne",1577.594,0
2011,"44","Grand Est","51","Marne",1573.103,0
2012,"44","Grand Est","51","Marne",1109.197,0
2013,"44","Grand Est","51","Marne",920.749,0
2014,"44","Grand Est","51","Marne",1469.896,0
2015,"44","Grand Est","51","Marne",2193.487,0
2016,"44","Grand Est","51","Marne",2534.332,0
2017,"44","Grand Est","51","Marne",2330.112,0
2018,"44","Grand Est","51","Marne",3259.253,0
2019,"44","Grand Est","51","Marne",4536.481,0
2020,"44","Grand Est","51","Marne",5736.689,0
2021,"44","Grand Est","51","Marne",5212.233,0
2022,"44","Grand Est","51","Marne",3942.857,0
2023,"44","Grand Est","51","Marne",2456.26,-1763.706000000002
2024,"44","Grand Est","51","Marne",1816.472,-248.24399999999878
2010,"44","Grand Est","52","Haute-Marne",2757.85,0
2011,"44","Grand Est","52","Haute-Marne",2346.035,0
2012,"44","Grand Est","52","Haute-Marne",612.06,0
2013,"44","Grand Est","52","Haute-Marne",444.72,-265.03999999999996
2014,"44","Grand Est","52","Haute-Marne",444.961,0
2015,"44","Grand Est","52","Haute-Marne",2088.555,0
2016,"44","Grand Est","52","Haute-Marne",3453.325,0
2017,"44","Grand Est","52","Haute-Marne",2974.565,0
2018,"44","Grand Est","52","Haute-Marne",8488.922,0
2019,"44","Grand Est","52","Haute-Marne",10896.369,0
2020,"44","Grand Est","52","Haute-Marne",9770.362,0
2021,"44","Grand Est","52","Haute-Marne",8775.661,0
2022,"44","Grand Est","52","Haute-Marne",4904.52,0
2023,"44","Grand Est","52","Haute-Marne",2136.658,0
2024,"44","Grand Est","52","Haute-Marne",1952.09,-677.762999999999
2010,"52","Pays de la Loire","53","Mayenne",3049.594,0
2011,"52","Pays de la Loire","53","Mayenne",2988.961,0
2012,"52","Pays de la Loire","53","Mayenne",1826.237,0
2013,"52","Pays de la Loire","53","Mayenne",968.34,0
2014,"52","Pays de la Loire","53","Mayenne",1049.06,0
2015,"52","Pays de la Loire","53","Mayenne",1458.699,0
2016,"52","Pays de la Loire","53","Mayenne",4215.992,0
2017,"52","Pays de la Loire","53","Mayenne",5689.342,0
2018,"52","Pays de la Loire","53","Mayenne",6023.712,0
2019,"52","Pays de la Loire","53","Mayenne",7540.401,0
2020,"52","Pays de la Loire","53","Mayenne",7333.576,0
2021,"52","Pays de la Loire","53","Mayenne",6351.977,0
2022,"52","Pays de la Loire","53","Mayenne",3852.985,0
2023,"52","Pays de la Loire","53","Mayenne",2692.981,-1006.885000000002
2024,"52","Pays de la Loire","53","Mayenne",2068.447,0
2010,"44","Grand Est","54","Meurthe-et-Moselle",1195.377,0
2011,"44","Grand Est","54","Meurthe-et-Moselle",1661.344,0
2012,"44","Grand Est","54","Meurthe-et-Moselle",899.542,0
2013,"44","Grand Est","54","Meurthe-et-Moselle",1255.744,0
2014,"44","Grand Est","54","Meurthe-et-Moselle",1350.33,0
2015,"44","Grand Est","54","Meurthe-et-Moselle",4837.68,0
2016,"44","Grand Est","54","Meurthe-et-Moselle",7540.43,0
2017,"44","Grand Est","54","Meurthe-et-Moselle",5399.35,0
2018,"44","Grand Est","54","Meurthe-et-Moselle",4532.276,0
2019,"44","Grand Est","54","Meurthe-et-Moselle",8804.712,0
2020,"44","Grand Est","54","Meurthe-et-Moselle",11011.703,0
2021,"44","Grand Est","54","Meurthe-et-Moselle",7663.55,0
2022,"44","Grand Est","54","Meurthe-et-Moselle",3564.101,0
2023,"44","Grand Est","54","Meurthe-et-Moselle",2025.437,-1591.0010000000002
2024,"44","Grand Est","54","Meurthe-et-Moselle",1118.886,-2276.751
2010,"44","Grand Est","55","Meuse",1746.149,0
2011,"44","Grand Est","55","Meuse",1944.959,0
2012,"44","Grand Est","55","Meuse",1237.1,0
2013,"44","Grand Est","55","Meuse",1050.06,0
2014,"44","Grand Est","55","Meuse",977.269,0
2015,"44","Grand Est","55","Meuse",1996.91,0
2016,"44","Grand Est","55","Meuse",2930.36,0
2017,"44","Grand Est","55","Meuse",3058.51,0
2018,"44","Grand Est","55","Meuse",2415.16,0
2019,"44","Grand Est","55","Meuse",5665.507,0
2020,"44","Grand Est","55","Meuse",7238.691,0
2021,"44","Grand Est","55","Meuse",6365.065,0
2022,"44","Grand Est","55","Meuse",4130.138,0
2023,"44","Grand Est","55","Meuse",1325.626,-1498.2700000000004
2024,"44","Grand Est","55","Meuse",2338.947,0
2010,"53","Bretagne","56","Morbihan",4682.827,0
2011,"53","Bretagne","56","Morbihan",3493.738,0
2012,"53","Bretagne","56","Morbihan",1599.248,0
2013,"53","Bretagne","56","Morbihan",1595.822,0
2014,"53","Bretagne","56","Morbihan",1695.639,0
2015,"53","Bretagne","56","Morbihan",2055.464,0
2016,"53","Bretagne","56","Morbihan",5149.87,0
2017,"53","Bretagne","56","Morbihan",6603.764,0
2018,"53","Bretagne","56","Morbihan",5754.765,0
2019,"53","Bretagne","56","Morbihan",6361.823,0
2020,"53","Bretagne","56","Morbihan",5897.171,0
2021,"53","Bretagne","56","Morbihan",4708.654,0
2022,"53","Bretagne","56","Morbihan",3079.101,0
2023,"53","Bretagne","56","Morbihan",2757.47,0
2024,"53","Bretagne","56","Morbihan",2318.335,0
2010,"44","Grand Est","57","Moselle",4623.318,0
2011,"44","Grand Est","57","Moselle",4501.297,0
2012,"44","Grand Est","57","Moselle",1791.64,0
2013,"44","Grand Est","57","Moselle",900.568,-485.10399999999936
2014,"44","Grand Est","57","Moselle",1057.03,0
2015,"44","Grand Est","57","Moselle",2098.81,0
2016,"44","Grand Est","57","Moselle",7569.933,0
2017,"44","Grand Est","57","Moselle",8589.86,0
2018,"44","Grand Est","57","Moselle",5648.288,0
2019,"44","Grand Est","57","Moselle",4913.362,0
2020,"44","Grand Est","57","Moselle",7771.826,0
2021,"44","Grand Est","57","Moselle",7027.834,0
2022,"44","Grand Est","57","Moselle",3426.132,0
2023,"44","Grand Est","57","Moselle",1865.399,0
2024,"44","Grand Est","57","Moselle",1949.307,-2856.4480000000003
2010,"27","Bourgogne-Franche-Comté","58","Nièvre",3028.08,0
2011,"27","Bourgogne-Franche-Comté","58","Nièvre",2413.629,0
2012,"27","Bourgogne-Franche-Comté","58","Nièvre",1209.239,0
2013,"27","Bourgogne-Franche-Comté","58","Nièvre",1120.407,-1090.8860000000004
2014,"27","Bourgogne-Franche-Comté","58","Nièvre",842.58,0
2015,"27","Bourgogne-Franche-Comté","58","Nièvre",2497.061,0
2016,"27","Bourgogne-Franche-Comté","58","Nièvre",4655.79,0
2017,"27","Bourgogne-Franche-Comté","58","Nièvre",4934.24,0
2018,"27","Bourgogne-Franche-Comté","58","Nièvre",5669.842,0
2019,"27","Bourgogne-Franche-Comté","58","Nièvre",6663.479,0
2020,"27","Bourgogne-Franche-Comté","58","Nièvre",6928.587,0
2021,"27","Bourgogne-Franche-Comté","58","Nièvre",7897.099,0
2022,"27","Bourgogne-Franche-Comté","58","Nièvre",5329.709,0
2023,"27","Bourgogne-Franche-Comté","58","Nièvre",2351.972,-1301.0249999999978
2024,"27","Bourgogne-Franche-Comté","58","Nièvre",2410.721,0
2010,"32","Hauts-de-France","59","Nord",586.126,0
2011,"32","Hauts-de-France","59","Nord",1106.876,0
2012,"32","Hauts-de-France","59","Nord",729.37,0
2013,"32","Hauts-de-France","59","Nord",174.99,0
2014,"32","Hauts-de-France","59","Nord",452.065,0
2015,"32","Hauts-de-France","59","Nord",1171.34,0
2016,"32","Hauts-de-France","59","Nord",3091.15,0
2017,"32","Hauts-de-France","59","Nord",3636.98,0
2018,"32","Hauts-de-France","59","Nord",2409.67,0
2019,"32","Hauts-de-France","59","Nord",2345.95,0
2020,"32","Hauts-de-France","59","Nord",2168.713,0
2021,"32","Hauts-de-France","59","Nord",2313.693,0
2022,"32","Hauts-de-France","59","Nord",1683.286,0
2023,"32","Hauts-de-France","59","Nord",819.124,-857.7129999999997
2024,"32","Hauts-de-France","59","Nord",480.321,-522.0419999999995
2010,"32","Hauts-de-France","60","Oise",871.904,0
2011,"32","Hauts-de-France","60","Oise",1478.4,0
2012,"32","Hauts-de-France","60","Oise",1142.51,0
2013,"32","Hauts-de-France","60","Oise",722.47,0
2014,"32","Hauts-de-France","60","Oise",591.86,0
2015,"32","Hauts-de-France","60","Oise",579.04,0
2016,"32","Hauts-de-France","60","Oise",2069.85,0
2017,"32","Hauts-de-France","60","Oise",2478.531,0
2018,"32","Hauts-de-France","60","Oise",3210.272,0
2019,"32","Hauts-de-France","60","Oise",4954.443,0
2020,"32","Hauts-de-France","60","Oise",4452.186,0
2021,"32","Hauts-de-France","60","Oise",3047.301,0
2022,"32","Hauts-de-France","60","Oise",1857.014,-43.943999999999505
2023,"32","Hauts-de-France","60","Oise",992.94,-809.9070000000011
2024,"32","Hauts-de-France","60","Oise",704.491,-344.0079999999998
2010,"28","Normandie","61","Orne",4125.72,0
2011,"28","Normandie","61","Orne",4527.134,0
2012,"28","Normandie","61","Orne",2985.638,0
2013,"28","Normandie","61","Orne",2083.775,0
2014,"28","Normandie","61","Orne",2048.937,0
2015,"28","Normandie","61","Orne",3290.392,0
2016,"28","Normandie","61","Orne",4379.746,0
2017,"28","Normandie","61","Orne",4802.908,0
2018,"28","Normandie","61","Orne",4813.758,0
2019,"28","Normandie","61","Orne",5024.319,0
2020,"28","Normandie","61","Orne",5250.038,0
2021,"28","Normandie","61","Orne",5887.475,0
2022,"28","Normandie","61","Orne",3830.554,0
2023,"28","Normandie","61","Orne",2365.283,-950.5330000000031
2024,"28","Normandie","61","Orne",2281.657,0
2010,"32","Hauts-de-France","62","Pas-de-Calais",1093.204,0
2011,"32","Hauts-de-France","62","Pas-de-Calais",1030.527,0
2012,"32","Hauts-de-France","62","Pas-de-Calais",575.252,0
2013,"32","Hauts-de-France","62","Pas-de-Calais",211.67,-407.9789999999998
2014,"32","Hauts-de-France","62","Pas-de-Calais",218.42,-167.39800000000014
2015,"32","Hauts-de-France","62","Pas-de-Calais",211.119,-20.15099999999984
2016,"32","Hauts-de-France","62","Pas-de-Calais",730.319,0
2017,"32","Hauts-de-France","62","Pas-de-Calais",1447.866,0
2018,"32","Hauts-de-France","62","Pas-de-Calais",1713.805,0
2019,"32","Hauts-de-France","62","Pas-de-Calais",2078.62,0
2020,"32","Hauts-de-France","62","Pas-de-Calais",2644.819,0
2021,"32","Hauts-de-France","62","Pas-de-Calais",2809.923,0
2022,"32","Hauts-de-France","62","Pas-de-Calais",1780.076,0
2023,"32","Hauts-de-France","62","Pas-de-Calais",555.373,-937.6269999999986
2024,"32","Hauts-de-France","62","Pas-de-Calais",768.193,0
2010,"84","Auvergne-Rhône-Alpes","63","Puy-de-Dôme",2991.25,0
2011,"84","Auvergne-Rhône-Alpes","63","Puy-de-Dôme",2153.253,0
2012,"84","Auvergne-Rhône-Alpes","63","Puy-de-Dôme",1027.968,-73.15600000000086
2013,"84","Auvergne-Rhône-Alpes","63","Puy-de-Dôme",575.259,0
2014,"84","Auvergne-Rhône-Alpes","63","Puy-de-Dôme",641.855,0
2015,"84","Auvergne-Rhône-Alpes","63","Puy-de-Dôme",1697.742,0
2016,"84","Auvergne-Rhône-Alpes","63","Puy-de-Dôme",7065.337,0
2017,"84","Auvergne-Rhône-Alpes","63","Puy-de-Dôme",8984.782,0
2018,"84","Auvergne-Rhône-Alpes","63","Puy-de-Dôme",6295.036,0
2019,"84","Auvergne-Rhône-Alpes","63","Puy-de-Dôme",4632.315,0
2020,"84","Auvergne-Rhône-Alpes","63","Puy-de-Dôme",3996.982,0
2021,"84","Auvergne-Rhône-Alpes","63","Puy-de-Dôme",4490.003,0
2022,"84","Auvergne-Rhône-Alpes","63","Puy-de-Dôme",3689.449,0
2023,"84","Auvergne-Rhône-Alpes","63","Puy-de-Dôme",2151.495,-1447.4629999999997
2024,"84","Auvergne-Rhône-Alpes","63","Puy-de-Dôme",2570.814,0
2010,"75","Nouvelle-Aquitaine","64","Pyrénées-Atlantiques",1203.352,0
2011,"75","Nouvelle-Aquitaine","64","Pyrénées-Atlantiques",1616.164,0
2012,"75","Nouvelle-Aquitaine","64","Pyrénées-Atlantiques",1042.74,0
2013,"75","Nouvelle-Aquitaine","64","Pyrénées-Atlantiques",654.674,-701.3699999999999
2014,"75","Nouvelle-Aquitaine","64","Pyrénées-Atlantiques",522.29,0
2015,"75","Nouvelle-Aquitaine","64","Pyrénées-Atlantiques",1159.87,0
2016,"75","Nouvelle-Aquitaine","64","Pyrénées-Atlantiques",1925.076,0
2017,"75","Nouvelle-Aquitaine","64","Pyrénées-Atlantiques",3106.499,0
2018,"75","Nouvelle-Aquitaine","64","Pyrénées-Atlantiques",4385.41,0
2019,"75","Nouvelle-Aquitaine","64","Pyrénées-Atlantiques",3921.052,0
2020,"75","Nouvelle-Aquitaine","64","Pyrénées-Atlantiques",3291.648,0
2021,"75","Nouvelle-Aquitaine","64","Pyrénées-Atlantiques",3417.622,0
2022,"75","Nouvelle-Aquitaine","64","Pyrénées-Atlantiques",2929.392,0
2023,"75","Nouvelle-Aquitaine","64","Pyrénées-Atlantiques",2059.419,-2111.4370000000017
2024,"75","Nouvelle-Aquitaine","64","Pyrénées-Atlantiques",1957.768,0
2010,"76","Occitanie","65","Hautes-Pyrénées",682.85,0
2011,"76","Occitanie","65","Hautes-Pyrénées",853.08,0
2012,"76","Occitanie","65","Hautes-Pyrénées",461.288,0
2013,"76","Occitanie","65","Hautes-Pyrénées",314.028,0
2014,"76","Occitanie","65","Hautes-Pyrénées",177.67,0
2015,"76","Occitanie","65","Hautes-Pyrénées",1682.273,0
2016,"76","Occitanie","65","Hautes-Pyrénées",2654.733,0
2017,"76","Occitanie","65","Hautes-Pyrénées",1515.173,0
2018,"76","Occitanie","65","Hautes-Pyrénées",3231.958,0
2019,"76","Occitanie","65","Hautes-Pyrénées",3469.874,0
2020,"76","Occitanie","65","Hautes-Pyrénées",1799.005,0
2021,"76","Occitanie","65","Hautes-Pyrénées",1653.105,0
2022,"76","Occitanie","65","Hautes-Pyrénées",1496.001,-134.39400000000023
2023,"76","Occitanie","65","Hautes-Pyrénées",1250.591,0
2024,"76","Occitanie","65","Hautes-Pyrénées",2087.665,-714.8639999999996
2010,"76","Occitanie","66","Pyrénées-Orientales",2725.333,0
2011,"76","Occitanie","66","Pyrénées-Orientales",3054.015,0
2012,"76","Occitanie","66","Pyrénées-Orientales",2263.999,0
2013,"76","Occitanie","66","Pyrénées-Orientales",1841.705,0
2014,"76","Occitanie","66","Pyrénées-Orientales",1641.341,-19.493999999998778
2015,"76","Occitanie","66","Pyrénées-Orientales",3258.544,0
2016,"76","Occitanie","66","Pyrénées-Orientales",4370.729,0
2017,"76","Occitanie","66","Pyrénées-Orientales",3027.527,0
2018,"76","Occitanie","66","Pyrénées-Orientales",3831.729,0
2019,"76","Occitanie","66","Pyrénées-Orientales",5076.331,0
2020,"76","Occitanie","66","Pyrénées-Orientales",6398.841,0
2021,"76","Occitanie","66","Pyrénées-Orientales",5537.364,0
2022,"76","Occitanie","66","Pyrénées-Orientales",3848.942,-1582.8020000000033
2023,"76","Occitanie","66","Pyrénées-Orientales",3853,0
2024,"76","Occitanie","66","Pyrénées-Orientales",2467.982,-4208.976000000002
2010,"44","Grand Est","67","Bas-Rhin",2721.222,0
2011,"44","Grand Est","67","Bas-Rhin",1894.231,0
2012,"44","Grand Est","67","Bas-Rhin",1013.392,0
2013,"44","Grand Est","67","Bas-Rhin",879.849,0
2014,"44","Grand Est","67","Bas-Rhin",1179.019,0
2015,"44","Grand Est","67","Bas-Rhin",1587.534,0
2016,"44","Grand Est","67","Bas-Rhin",2427.278,0
2017,"44","Grand Est","67","Bas-Rhin",3248.554,0
2018,"44","Grand Est","67","Bas-Rhin",3241.834,0
2019,"44","Grand Est","67","Bas-Rhin",3848.002,0
2020,"44","Grand Est","67","Bas-Rhin",5022.353,0
2021,"44","Grand Est","67","Bas-Rhin",5352.007,0
2022,"44","Grand Est","67","Bas-Rhin",2980.704,0
2023,"44","Grand Est","67","Bas-Rhin",1280.848,-1170.9919999999984
2024,"44","Grand Est","67","Bas-Rhin",1073.697,-0.6350000000020373
2010,"44","Grand Est","68","Haut-Rhin",682.272,0
2011,"44","Grand Est","68","Haut-Rhin",1039.76,0
2012,"44","Grand Est","68","Haut-Rhin",851.93,0
2013,"44","Grand Est","68","Haut-Rhin",632.844,0
2014,"44","Grand Est","68","Haut-Rhin",332.04,-148.03699999999935
2015,"44","Grand Est","68","Haut-Rhin",655.067,0
2016,"44","Grand Est","68","Haut-Rhin",1373.914,0
2017,"44","Grand Est","68","Haut-Rhin",1725.578,0
2018,"44","Grand Est","68","Haut-Rhin",1877.703,0
2019,"44","Grand Est","68","Haut-Rhin",2200.939,0
2020,"44","Grand Est","68","Haut-Rhin",2805.194,0
2021,"44","Grand Est","68","Haut-Rhin",3096.25,0
2022,"44","Grand Est","68","Haut-Rhin",2203.161,0
2023,"44","Grand Est","68","Haut-Rhin",994.059,-884.4779999999992
2024,"44","Grand Est","68","Haut-Rhin",704.264,0
2010,"84","Auvergne-Rhône-Alpes","69","Rhône",1478.471,0
2011,"84","Auvergne-Rhône-Alpes","69","Rhône",1882.282,0
2012,"84","Auvergne-Rhône-Alpes","69","Rhône",1684.621,0
2013,"84","Auvergne-Rhône-Alpes","69","Rhône",1029.682,-945.5119999999997
2014,"84","Auvergne-Rhône-Alpes","69","Rhône",744.209,-25.577000000000226
2015,"84","Auvergne-Rhône-Alpes","69","Rhône",1072.059,0
2016,"84","Auvergne-Rhône-Alpes","69","Rhône",4617.363,0
2017,"84","Auvergne-Rhône-Alpes","69","Rhône",6003.226,0
2018,"84","Auvergne-Rhône-Alpes","69","Rhône",3935.391,0
2019,"84","Auvergne-Rhône-Alpes","69","Rhône",3796.807,0
2020,"84","Auvergne-Rhône-Alpes","69","Rhône",4525.062,0
2021,"84","Auvergne-Rhône-Alpes","69","Rhône",4828.98,0
2022,"84","Auvergne-Rhône-Alpes","69","Rhône",3304.265,0
2023,"84","Auvergne-Rhône-Alpes","69","Rhône",2210.509,0
2024,"84","Auvergne-Rhône-Alpes","69","Rhône",1853.459,-293.59699999999793
2010,"27","Bourgogne-Franche-Comté","70","Haute-Saône",3258.29,0
2011,"27","Bourgogne-Franche-Comté","70","Haute-Saône",3611.85,0
2012,"27","Bourgogne-Franche-Comté","70","Haute-Saône",1406.54,0
2013,"27","Bourgogne-Franche-Comté","70","Haute-Saône",759.42,-6.710999999999331
2014,"27","Bourgogne-Franche-Comté","70","Haute-Saône",1235.165,0
2015,"27","Bourgogne-Franche-Comté","70","Haute-Saône",5904.16,0
2016,"27","Bourgogne-Franche-Comté","70","Haute-Saône",9598.78,0
2017,"27","Bourgogne-Franche-Comté","70","Haute-Saône",9145.14,0
2018,"27","Bourgogne-Franche-Comté","70","Haute-Saône",6708.53,0
2019,"27","Bourgogne-Franche-Comté","70","Haute-Saône",5541.56,0
2020,"27","Bourgogne-Franche-Comté","70","Haute-Saône",6108.297,0
2021,"27","Bourgogne-Franche-Comté","70","Haute-Saône",4423.571,0
2022,"27","Bourgogne-Franche-Comté","70","Haute-Saône",2059.588,-1156.3480000000054
2023,"27","Bourgogne-Franche-Comté","70","Haute-Saône",1935.392,-508.0269999999982
2024,"27","Bourgogne-Franche-Comté","70","Haute-Saône",1956.432,-1454.591999999997
2010,"27","Bourgogne-Franche-Comté","71","Saône-et-Loire",1610.702,0
2011,"27","Bourgogne-Franche-Comté","71","Saône-et-Loire",1339.985,0
2012,"27","Bourgogne-Franche-Comté","71","Saône-et-Loire",603.02,0
2013,"27","Bourgogne-Franche-Comté","71","Saône-et-Loire",630.733,0
2014,"27","Bourgogne-Franche-Comté","71","Saône-et-Loire",687.291,0
2015,"27","Bourgogne-Franche-Comté","71","Saône-et-Loire",3953.217,0
2016,"27","Bourgogne-Franche-Comté","71","Saône-et-Loire",6014.595,0
2017,"27","Bourgogne-Franche-Comté","71","Saône-et-Loire",4200.713,0
2018,"27","Bourgogne-Franche-Comté","71","Saône-et-Loire",3467.266,0
2019,"27","Bourgogne-Franche-Comté","71","Saône-et-Loire",4227.494,0
2020,"27","Bourgogne-Franche-Comté","71","Saône-et-Loire",4529.443,0
2021,"27","Bourgogne-Franche-Comté","71","Saône-et-Loire",6157.709,0
2022,"27","Bourgogne-Franche-Comté","71","Saône-et-Loire",4503.237,0
2023,"27","Bourgogne-Franche-Comté","71","Saône-et-Loire",2998.716,-286.90999999999985
2024,"27","Bourgogne-Franche-Comté","71","Saône-et-Loire",2663.585,0
2010,"52","Pays de la Loire","72","Sarthe",2306.237,0
2011,"52","Pays de la Loire","72","Sarthe",1529.941,-2037.5560000000005
2012,"52","Pays de la Loire","72","Sarthe",1110.392,0
2013,"52","Pays de la Loire","72","Sarthe",882.179,0
2014,"52","Pays de la Loire","72","Sarthe",1531.759,0
2015,"52","Pays de la Loire","72","Sarthe",2525.569,0
2016,"52","Pays de la Loire","72","Sarthe",4448.662,0
2017,"52","Pays de la Loire","72","Sarthe",4352.837,0
2018,"52","Pays de la Loire","72","Sarthe",4674.499,0
2019,"52","Pays de la Loire","72","Sarthe",3973.359,0
2020,"52","Pays de la Loire","72","Sarthe",3490.285,0
2021,"52","Pays de la Loire","72","Sarthe",2792.529,0
2022,"52","Pays de la Loire","72","Sarthe",2461.276,0
2023,"52","Pays de la Loire","72","Sarthe",2044.405,-1072.5169999999998
2024,"52","Pays de la Loire","72","Sarthe",1572.622,-275.73999999999796
2010,"84","Auvergne-Rhône-Alpes","73","Savoie",128.25,0
2011,"84","Auvergne-Rhône-Alpes","73","Savoie",239.652,-17.767000000000053
2012,"84","Auvergne-Rhône-Alpes","73","Savoie",623.646,0
2013,"84","Auvergne-Rhône-Alpes","73","Savoie",940.727,0
2014,"84","Auvergne-Rhône-Alpes","73","Savoie",996.319,-448.74299999999994
2015,"84","Auvergne-Rhône-Alpes","73","Savoie",483.677,0
2016,"84","Auvergne-Rhône-Alpes","73","Savoie",362.738,-858.6190000000001
2017,"84","Auvergne-Rhône-Alpes","73","Savoie",511.09,0
2018,"84","Auvergne-Rhône-Alpes","73","Savoie",613.367,0
2019,"84","Auvergne-Rhône-Alpes","73","Savoie",799.162,0
2020,"84","Auvergne-Rhône-Alpes","73","Savoie",1085.571,0
2021,"84","Auvergne-Rhône-Alpes","73","Savoie",952.234,0
2022,"84","Auvergne-Rhône-Alpes","73","Savoie",683.072,-905.9089999999997
2023,"84","Auvergne-Rhône-Alpes","73","Savoie",823.128,0
2024,"84","Auvergne-Rhône-Alpes","73","Savoie",1268.092,0
2010,"84","Auvergne-Rhône-Alpes","74","Haute-Savoie",306.501,0
2011,"84","Auvergne-Rhône-Alpes","74","Haute-Savoie",251.305,0
2012,"84","Auvergne-Rhône-Alpes","74","Haute-Savoie",385.261,0
2013,"84","Auvergne-Rhône-Alpes","74","Haute-Savoie",291.258,-91.90599999999995
2014,"84","Auvergne-Rhône-Alpes","74","Haute-Savoie",270.209,-261.22299999999996
2015,"84","Auvergne-Rhône-Alpes","74","Haute-Savoie",828.366,0
2016,"84","Auvergne-Rhône-Alpes","74","Haute-Savoie",665.04,-149.48000000000002
2017,"84","Auvergne-Rhône-Alpes","74","Haute-Savoie",1132.884,0
2018,"84","Auvergne-Rhône-Alpes","74","Haute-Savoie",1295.597,0
2019,"84","Auvergne-Rhône-Alpes","74","Haute-Savoie",1184.776,0
2020,"84","Auvergne-Rhône-Alpes","74","Haute-Savoie",1339.033,0
2021,"84","Auvergne-Rhône-Alpes","74","Haute-Savoie",1122.846,0
2022,"84","Auvergne-Rhône-Alpes","74","Haute-Savoie",1006.591,0
2023,"84","Auvergne-Rhône-Alpes","74","Haute-Savoie",532.394,-732.652
2024,"84","Auvergne-Rhône-Alpes","74","Haute-Savoie",650.833,0
2011,"11","Île-de-France","75","Paris",146.3,-8027.000999999999
2012,"11","Île-de-France","75","Paris",68.13,-94.22999999999999
2016,"11","Île-de-France","75","Paris",13.98,-141.7
2017,"11","Île-de-France","75","Paris",23.43,0
2018,"11","Île-de-France","75","Paris",101.089,0
2019,"11","Île-de-France","75","Paris",101.06,0
2020,"11","Île-de-France","75","Paris",34.68,-212.861
2021,"11","Île-de-France","75","Paris",36.14,0
2022,"11","Île-de-France","75","Paris",21.081,0
2023,"11","Île-de-France","75","Paris",28.534,0
2024,"11","Île-de-France","75","Paris",2.948,-49.65699999999998
2010,"28","Normandie","76","Seine-Maritime",1468.222,0
2011,"28","Normandie","76","Seine-Maritime",1329.142,0
2012,"28","Normandie","76","Seine-Maritime",977.38,0
2013,"28","Normandie","76","Seine-Maritime",629.28,-343.2919999999999
2014,"28","Normandie","76","Seine-Maritime",381.94,0
2015,"28","Normandie","76","Seine-Maritime",394.91,-235.63499999999976
2016,"28","Normandie","76","Seine-Maritime",1534.97,0
2017,"28","Normandie","76","Seine-Maritime",2615.51,0
2018,"28","Normandie","76","Seine-Maritime",2470.257,0
2019,"28","Normandie","76","Seine-Maritime",2649.15,0
2020,"28","Normandie","76","Seine-Maritime",2994.83,0
2021,"28","Normandie","76","Seine-Maritime",2484.74,0
2022,"28","Normandie","76","Seine-Maritime",1918.978,0
2023,"28","Normandie","76","Seine-Maritime",1302.831,-242.98000000000138
2024,"28","Normandie","76","Seine-Maritime",649.275,-222.07899999999972
2010,"11","Île-de-France","77","Seine-et-Marne",1248.33,0
2011,"11","Île-de-France","77","Seine-et-Marne",1487.645,0
2012,"11","Île-de-France","77","Seine-et-Marne",509.728,0
2013,"11","Île-de-France","77","Seine-et-Marne",576.598,0
2014,"11","Île-de-France","77","Seine-et-Marne",544.725,0
2015,"11","Île-de-France","77","Seine-et-Marne",1133.51,0
2016,"11","Île-de-France","77","Seine-et-Marne",1742.292,0
2017,"11","Île-de-France","77","Seine-et-Marne",2579.911,0
2018,"11","Île-de-France","77","Seine-et-Marne",5247.521,0
2019,"11","Île-de-France","77","Seine-et-Marne",7288.278,0
2020,"11","Île-de-France","77","Seine-et-Marne",6628.922,0
2021,"11","Île-de-France","77","Seine-et-Marne",5311.654,0
2022,"11","Île-de-France","77","Seine-et-Marne",3320.791,0
2023,"11","Île-de-France","77","Seine-et-Marne",1935.813,-1536.5240000000013
2024,"11","Île-de-France","77","Seine-et-Marne",1880.122,0
2010,"11","Île-de-France","78","Yvelines",416.919,0
2011,"11","Île-de-France","78","Yvelines",596.049,0
2012,"11","Île-de-France","78","Yvelines",400.652,-5.107999999999947
2013,"11","Île-de-France","78","Yvelines",277.451,0
2014,"11","Île-de-France","78","Yvelines",608.24,0
2015,"11","Île-de-France","78","Yvelines",896.33,0
2016,"11","Île-de-France","78","Yvelines",1290.653,0
2017,"11","Île-de-France","78","Yvelines",1402.13,0
2018,"11","Île-de-France","78","Yvelines",1728.017,0
2019,"11","Île-de-France","78","Yvelines",2905.169,0
2020,"11","Île-de-France","78","Yvelines",3288.784,0
2021,"11","Île-de-France","78","Yvelines",2492.28,0
2022,"11","Île-de-France","78","Yvelines",1172.447,0
2023,"11","Île-de-France","78","Yvelines",782.018,-368.78999999999905
2024,"11","Île-de-France","78","Yvelines",236.249,-725.389000000001
2010,"75","Nouvelle-Aquitaine","79","Deux-Sèvres",3045.992,0
2011,"75","Nouvelle-Aquitaine","79","Deux-Sèvres",3435.808,0
2012,"75","Nouvelle-Aquitaine","79","Deux-Sèvres",2273.197,0
2013,"75","Nouvelle-Aquitaine","79","Deux-Sèvres",1555.509,0
2014,"75","Nouvelle-Aquitaine","79","Deux-Sèvres",2122.128,0
2015,"75","Nouvelle-Aquitaine","79","Deux-Sèvres",4284.967,0
2016,"75","Nouvelle-Aquitaine","79","Deux-Sèvres",5652.576,0
2017,"75","Nouvelle-Aquitaine","79","Deux-Sèvres",6822.46,0
2018,"75","Nouvelle-Aquitaine","79","Deux-Sèvres",9328.009,0
2019,"75","Nouvelle-Aquitaine","79","Deux-Sèvres",13835.488,0
2020,"75","Nouvelle-Aquitaine","79","Deux-Sèvres",12792.288,0
2021,"75","Nouvelle-Aquitaine","79","Deux-Sèvres",9725.271,0
2022,"75","Nouvelle-Aquitaine","79","Deux-Sèvres",5233.166,0
2023,"75","Nouvelle-Aquitaine","79","Deux-Sèvres",2837.435,-1109.4809999999998
2024,"75","Nouvelle-Aquitaine","79","Deux-Sèvres",2303.632,-1645.9059999999954
2010,"32","Hauts-de-France","80","Somme",570.474,0
2011,"32","Hauts-de-France","80","Somme",1054.34,0
2012,"32","Hauts-de-France","80","Somme",957.73,0
2013,"32","Hauts-de-France","80","Somme",499.74,0
2014,"32","Hauts-de-France","80","Somme",540.06,0
2015,"32","Hauts-de-France","80","Somme",644.31,0
2016,"32","Hauts-de-France","80","Somme",1338.495,0
2017,"32","Hauts-de-France","80","Somme",1656.795,0
2018,"32","Hauts-de-France","80","Somme",1629.403,0
2019,"32","Hauts-de-France","80","Somme",1804.25,0
2020,"32","Hauts-de-France","80","Somme",2563.845,0
2021,"32","Hauts-de-France","80","Somme",2267.116,0
2022,"32","Hauts-de-France","80","Somme",1123.474,-56.177999999999884
2023,"32","Hauts-de-France","80","Somme",465.028,-196.3859999999995
2024,"32","Hauts-de-France","80","Somme",268.61,-653.781
2010,"76","Occitanie","81","Tarn",2362.492,0
2011,"76","Occitanie","81","Tarn",3288.98,0
2012,"76","Occitanie","81","Tarn",2556.439,0
2013,"76","Occitanie","81","Tarn",2112.441,0
2014,"76","Occitanie","81","Tarn",2290.22,0
2015,"76","Occitanie","81","Tarn",4627.949,0
2016,"76","Occitanie","81","Tarn",8653.88,0
2017,"76","Occitanie","81","Tarn",8053.714,0
2018,"76","Occitanie","81","Tarn",7529.752,0
2019,"76","Occitanie","81","Tarn",6977.382,0
2020,"76","Occitanie","81","Tarn",5988.488,0
2021,"76","Occitanie","81","Tarn",6682.131,0
2022,"76","Occitanie","81","Tarn",5088.785,-176.61899999999878
2023,"76","Occitanie","81","Tarn",4553.069,-731.0689999999995
2024,"76","Occitanie","81","Tarn",4473.593,0
2010,"76","Occitanie","82","Tarn-et-Garonne",1265.638,0
2011,"76","Occitanie","82","Tarn-et-Garonne",1273.348,0
2012,"76","Occitanie","82","Tarn-et-Garonne",1018.63,0
2013,"76","Occitanie","82","Tarn-et-Garonne",675.18,-100.89400000000023
2014,"76","Occitanie","82","Tarn-et-Garonne",1635.64,0
2015,"76","Occitanie","82","Tarn-et-Garonne",3212.023,0
2016,"76","Occitanie","82","Tarn-et-Garonne",5028.94,0
2017,"76","Occitanie","82","Tarn-et-Garonne",5339.72,0
2018,"76","Occitanie","82","Tarn-et-Garonne",4906.349,0
2019,"76","Occitanie","82","Tarn-et-Garonne",5381.993,0
2020,"76","Occitanie","82","Tarn-et-Garonne",4669.766,0
2021,"76","Occitanie","82","Tarn-et-Garonne",6708.16,0
2022,"76","Occitanie","82","Tarn-et-Garonne",5940.37,-125.85699999999997
2023,"76","Occitanie","82","Tarn-et-Garonne",3539.089,-1584.173999999999
2024,"76","Occitanie","82","Tarn-et-Garonne",4903.029,0
2010,"93","Provence-Alpes-Côte d'Azur","83","Var",1779.188,0
2011,"93","Provence-Alpes-Côte d'Azur","83","Var",1834.297,0
2012,"93","Provence-Alpes-Côte d'Azur","83","Var",2836.485,0
2013,"93","Provence-Alpes-Côte d'Azur","83","Var",2428.868,-275.16400000000067
2014,"93","Provence-Alpes-Côte d'Azur","83","Var",2454.222,0
2015,"93","Provence-Alpes-Côte d'Azur","83","Var",2598.892,0
2016,"93","Provence-Alpes-Côte d'Azur","83","Var",1727.469,-24.283000000001266
2017,"93","Provence-Alpes-Côte d'Azur","83","Var",2942.719,0
2018,"93","Provence-Alpes-Côte d'Azur","83","Var",4886.341,0
2019,"93","Provence-Alpes-Côte d'Azur","83","Var",6478.243,0
2020,"93","Provence-Alpes-Côte d'Azur","83","Var",5553.757,0
2021,"93","Provence-Alpes-Côte d'Azur","83","Var",7262.231,0
2022,"93","Provence-Alpes-Côte d'Azur","83","Var",5538.604,-470.625
2023,"93","Provence-Alpes-Côte d'Azur","83","Var",4450.772,0
2024,"93","Provence-Alpes-Côte d'Azur","83","Var",4721.518,0
2010,"93","Provence-Alpes-Côte d'Azur","84","Vaucluse",6132.18,0
2011,"93","Provence-Alpes-Côte d'Azur","84","Vaucluse",6970.858,0
2012,"93","Provence-Alpes-Côte d'Azur","84","Vaucluse",5128.887,0
2013,"93","Provence-Alpes-Côte d'Azur","84","Vaucluse",3385.319,0
2014,"93","Provence-Alpes-Côte d'Azur","84","Vaucluse",2706.014,-477.21600000000035
2015,"93","Provence-Alpes-Côte d'Azur","84","Vaucluse",2145.074,-629.7770000000019
2016,"93","Provence-Alpes-Côte d'Azur","84","Vaucluse",3013.204,0
2017,"93","Provence-Alpes-Côte d'Azur","84","Vaucluse",3657.113,0
2018,"93","Provence-Alpes-Côte d'Azur","84","Vaucluse",5889.542,0
2019,"93","Provence-Alpes-Côte d'Azur","84","Vaucluse",6754.104,0
2020,"93","Provence-Alpes-Côte d'Azur","84","Vaucluse",7409.866,0
2021,"93","Provence-Alpes-Côte d'Azur","84","Vaucluse",9455.901,0
2022,"93","Provence-Alpes-Côte d'Azur","84","Vaucluse",8557.898,0
2023,"93","Provence-Alpes-Côte d'Azur","84","Vaucluse",9673.253,0
2024,"93","Provence-Alpes-Côte d'Azur","84","Vaucluse",6460.402,-69.78100000000268
2010,"52","Pays de la Loire","85","Vendée",5280.918,0
2011,"52","Pays de la Loire","85","Vendée",4945.256,0
2012,"52","Pays de la Loire","85","Vendée",2884.785,0
2013,"52","Pays de la Loire","85","Vendée",2040.556,0
2014,"52","Pays de la Loire","85","Vendée",1841.251,0
2015,"52","Pays de la Loire","85","Vendée",4943.524,0
2016,"52","Pays de la Loire","85","Vendée",9987.617,0
2017,"52","Pays de la Loire","85","Vendée",11238.89,0
2018,"52","Pays de la Loire","85","Vendée",13040.425,0
2019,"52","Pays de la Loire","85","Vendée",13979.174,0
2020,"52","Pays de la Loire","85","Vendée",12238.571,0
2021,"52","Pays de la Loire","85","Vendée",9222.57,0
2022,"52","Pays de la Loire","85","Vendée",6259.313,0
2023,"52","Pays de la Loire","85","Vendée",4607.047,-144.20500000000175
2024,"52","Pays de la Loire","85","Vendée",2744.198,-1046.9300000000003
2010,"75","Nouvelle-Aquitaine","86","Vienne",2184.445,0
2011,"75","Nouvelle-Aquitaine","86","Vienne",3539.571,0
2012,"75","Nouvelle-Aquitaine","86","Vienne",2230.859,0
2013,"75","Nouvelle-Aquitaine","86","Vienne",1846.521,0
2014,"75","Nouvelle-Aquitaine","86","Vienne",2722.214,0
2015,"75","Nouvelle-Aquitaine","86","Vienne",7956.233,0
2016,"75","Nouvelle-Aquitaine","86","Vienne",11430.022,0
2017,"75","Nouvelle-Aquitaine","86","Vienne",9533.183,0
2018,"75","Nouvelle-Aquitaine","86","Vienne",9982.501,0
2019,"75","Nouvelle-Aquitaine","86","Vienne",11163.556,0
2020,"75","Nouvelle-Aquitaine","86","Vienne",8736.995,0
2021,"75","Nouvelle-Aquitaine","86","Vienne",9726.011,0
2022,"75","Nouvelle-Aquitaine","86","Vienne",6360.768,-2914.7939999999944
2023,"75","Nouvelle-Aquitaine","86","Vienne",3087.232,-1969.2070000000022
2024,"75","Nouvelle-Aquitaine","86","Vienne",2296.169,-2327.125
2010,"75","Nouvelle-Aquitaine","87","Haute-Vienne",2868.715,0
2011,"75","Nouvelle-Aquitaine","87","Haute-Vienne",4076.095,0
2012,"75","Nouvelle-Aquitaine","87","Haute-Vienne",3613.26,0
2013,"75","Nouvelle-Aquitaine","87","Haute-Vienne",2951.197,0
2014,"75","Nouvelle-Aquitaine","87","Haute-Vienne",3340.716,0
2015,"75","Nouvelle-Aquitaine","87","Haute-Vienne",5224.91,0
2016,"75","Nouvelle-Aquitaine","87","Haute-Vienne",7199.161,0
2017,"75","Nouvelle-Aquitaine","87","Haute-Vienne",5272.323,0
2018,"75","Nouvelle-Aquitaine","87","Haute-Vienne",4779.656,0
2019,"75","Nouvelle-Aquitaine","87","Haute-Vienne",5162.643,0
2020,"75","Nouvelle-Aquitaine","87","Haute-Vienne",5845.656,0
2021,"75","Nouvelle-Aquitaine","87","Haute-Vienne",5462.58,0
2022,"75","Nouvelle-Aquitaine","87","Haute-Vienne",4231.02,-969.9880000000012
2023,"75","Nouvelle-Aquitaine","87","Haute-Vienne",4074.611,-22.054000000000087
2024,"75","Nouvelle-Aquitaine","87","Haute-Vienne",2768.484,-1190.1399999999994
2010,"44","Grand Est","88","Vosges",2209.125,0
2011,"44","Grand Est","88","Vosges",2176.16,0
2012,"44","Grand Est","88","Vosges",1107.664,0
2013,"44","Grand Est","88","Vosges",919.979,0
2014,"44","Grand Est","88","Vosges",1814.039,0
2015,"44","Grand Est","88","Vosges",3388.123,0
2016,"44","Grand Est","88","Vosges",5543.914,0
2017,"44","Grand Est","88","Vosges",6177.146,0
2018,"44","Grand Est","88","Vosges",4033.561,0
2019,"44","Grand Est","88","Vosges",3092.21,0
2020,"44","Grand Est","88","Vosges",3995.597,0
2021,"44","Grand Est","88","Vosges",4051.687,0
2022,"44","Grand Est","88","Vosges",2205.039,0
2023,"44","Grand Est","88","Vosges",919.471,-1302.023000000001
2024,"44","Grand Est","88","Vosges",871.797,-1172.1189999999988
2010,"27","Bourgogne-Franche-Comté","89","Yonne",4804.129,0
2011,"27","Bourgogne-Franche-Comté","89","Yonne",4920.503,0
2012,"27","Bourgogne-Franche-Comté","89","Yonne",3756.99,0
2013,"27","Bourgogne-Franche-Comté","89","Yonne",3191.798,0
2014,"27","Bourgogne-Franche-Comté","89","Yonne",2893.28,0
2015,"27","Bourgogne-Franche-Comté","89","Yonne",5260.86,0
2016,"27","Bourgogne-Franche-Comté","89","Yonne",6854.826,0
2017,"27","Bourgogne-Franche-Comté","89","Yonne",7464.823,0
2018,"27","Bourgogne-Franche-Comté","89","Yonne",16899.975,0
2019,"27","Bourgogne-Franche-Comté","89","Yonne",21618.973,0
2020,"27","Bourgogne-Franche-Comté","89","Yonne",19243.796,0
2021,"27","Bourgogne-Franche-Comté","89","Yonne",13407.475,0
2022,"27","Bourgogne-Franche-Comté","89","Yonne",6753.601,0
2023,"27","Bourgogne-Franche-Comté","89","Yonne",4719.821,0
2024,"27","Bourgogne-Franche-Comté","89","Yonne",3851.416,-3788.1570000000065
2010,"27","Bourgogne-Franche-Comté","90","Territoire de Belfort",120.48,0
2011,"27","Bourgogne-Franche-Comté","90","Territoire de Belfort",126.43,0
2012,"27","Bourgogne-Franche-Comté","90","Territoire de Belfort",0.66,-11.339999999999975
2013,"27","Bourgogne-Franche-Comté","90","Territoire de Belfort",1.31,-8.490000000000009
2014,"27","Bourgogne-Franche-Comté","90","Territoire de Belfort",47.21,0
2015,"27","Bourgogne-Franche-Comté","90","Territoire de Belfort",57.4,0
2016,"27","Bourgogne-Franche-Comté","90","Territoire de Belfort",522.95,0
2017,"27","Bourgogne-Franche-Comté","90","Territoire de Belfort",593.55,0
2018,"27","Bourgogne-Franche-Comté","90","Territoire de Belfort",183.205,-8.055000000000064
2019,"27","Bourgogne-Franche-Comté","90","Territoire de Belfort",181.53,0
2020,"27","Bourgogne-Franche-Comté","90","Territoire de Belfort",242.683,0
2021,"27","Bourgogne-Franche-Comté","90","Territoire de Belfort",105.49,-222.6479999999999
2022,"27","Bourgogne-Franche-Comté","90","Territoire de Belfort",150.936,0
2023,"27","Bourgogne-Franche-Comté","90","Territoire de Belfort",119.666,-179.0150000000001
2024,"27","Bourgogne-Franche-Comté","90","Territoire de Belfort",75.173,-68.26199999999994
2010,"11","Île-de-France","91","Essonne",425.57,0
2011,"11","Île-de-France","91","Essonne",897.14,0
2012,"11","Île-de-France","91","Essonne",581.76,0
2013,"11","Île-de-France","91","Essonne",335.33,0
2014,"11","Île-de-France","91","Essonne",388.94,0
2015,"11","Île-de-France","91","Essonne",476.67,0
2016,"11","Île-de-France","91","Essonne",1108.045,0
2017,"11","Île-de-France","91","Essonne",1162.715,0
2018,"11","Île-de-France","91","Essonne",3230.727,0
2019,"11","Île-de-France","91","Essonne",4549.34,0
2020,"11","Île-de-France","91","Essonne",3542.04,0
2021,"11","Île-de-France","91","Essonne",3528.834,0
2022,"11","Île-de-France","91","Essonne",2382.726,0
2023,"11","Île-de-France","91","Essonne",1102.606,0
2024,"11","Île-de-France","91","Essonne",674.969,-345.2940000000017
2011,"11","Île-de-France","92","Hauts-de-Seine",21.299,-11360.414999999999
2012,"11","Île-de-France","92","Hauts-de-Seine",20.47,-33.81100000000001
2013,"11","Île-de-France","92","Hauts-de-Seine",0,-71.827
2014,"11","Île-de-France","92","Hauts-de-Seine",0.1,0
2015,"11","Île-de-France","92","Hauts-de-Seine",0,0
2016,"11","Île-de-France","92","Hauts-de-Seine",0,0
2017,"11","Île-de-France","92","Hauts-de-Seine",27.16,0
2018,"11","Île-de-France","92","Hauts-de-Seine",26.139,0
2019,"11","Île-de-France","92","Hauts-de-Seine",54.016,0
2020,"11","Île-de-France","92","Hauts-de-Seine",43.405,-24.98100000000001
2021,"11","Île-de-France","92","Hauts-de-Seine",0.025,-49.309999999999995
2022,"11","Île-de-France","92","Hauts-de-Seine",100.87,0
2023,"11","Île-de-France","92","Hauts-de-Seine",12.153,0
2024,"11","Île-de-France","92","Hauts-de-Seine",3.57,0
2010,"11","Île-de-France","93","Seine-Saint-Denis",2.01,0
2011,"11","Île-de-France","93","Seine-Saint-Denis",0,-4.01
2012,"11","Île-de-France","93","Seine-Saint-Denis",0,0
2013,"11","Île-de-France","93","Seine-Saint-Denis",0,0
2014,"11","Île-de-France","93","Seine-Saint-Denis",0,0
2015,"11","Île-de-France","93","Seine-Saint-Denis",0,0
2016,"11","Île-de-France","93","Seine-Saint-Denis",1.12,-48.364999999999995
2017,"11","Île-de-France","93","Seine-Saint-Denis",0.65,0
2018,"11","Île-de-France","93","Seine-Saint-Denis",0,0
2019,"11","Île-de-France","93","Seine-Saint-Denis",13.05,0
2020,"11","Île-de-France","93","Seine-Saint-Denis",13.523,0
2021,"11","Île-de-France","93","Seine-Saint-Denis",0,0
2022,"11","Île-de-France","93","Seine-Saint-Denis",2.42,0
2023,"11","Île-de-France","93","Seine-Saint-Denis",3.26,0
2024,"11","Île-de-France","93","Seine-Saint-Denis",2.57,-31.172000000000004
2010,"11","Île-de-France","94","Val-de-Marne",32.99,0
2011,"11","Île-de-France","94","Val-de-Marne",44.284,0
2012,"11","Île-de-France","94","Val-de-Marne",16.26,-19.124000000000002
2013,"11","Île-de-France","94","Val-de-Marne",5.9,-3.1000000000000014
2014,"11","Île-de-France","94","Val-de-Marne",1.361,0
2015,"11","Île-de-France","94","Val-de-Marne",6.161,-0.3299999999999983
2016,"11","Île-de-France","94","Val-de-Marne",1.391,-11.93
2017,"11","Île-de-France","94","Val-de-Marne",34.46,0
2018,"11","Île-de-France","94","Val-de-Marne",41.16,0
2019,"11","Île-de-France","94","Val-de-Marne",23.6,0
2020,"11","Île-de-France","94","Val-de-Marne",0.19,-44.38
2021,"11","Île-de-France","94","Val-de-Marne",3.6,0
2022,"11","Île-de-France","94","Val-de-Marne",3.6,-19.119999999999997
2023,"11","Île-de-France","94","Val-de-Marne",1.877,0
2024,"11","Île-de-France","94","Val-de-Marne",9.897,0
2010,"11","Île-de-France","95","Val-d'Oise",0.93,0
2011,"11","Île-de-France","95","Val-d'Oise",2.84,0
2012,"11","Île-de-France","95","Val-d'Oise",17.72,0
2013,"11","Île-de-France","95","Val-d'Oise",25.12,-17.210000000000036
2014,"11","Île-de-France","95","Val-d'Oise",7.52,-5.19399999999996
2015,"11","Île-de-France","95","Val-d'Oise",8.06,0
2016,"11","Île-de-France","95","Val-d'Oise",116.236,0
2017,"11","Île-de-France","95","Val-d'Oise",115.26,-14.596000000000004
2018,"11","Île-de-France","95","Val-d'Oise",119.847,0
2019,"11","Île-de-France","95","Val-d'Oise",165.59,0
2020,"11","Île-de-France","95","Val-d'Oise",91.316,0
2021,"11","Île-de-France","95","Val-d'Oise",84.946,0
2022,"11","Île-de-France","95","Val-d'Oise",113.746,0
2023,"11","Île-de-France","95","Val-d'Oise",77.93,-46.68500000000006
2024,"11","Île-de-France","95","Val-d'Oise",23,-61.791999999999916
