"departement","annee","nb_nouveaux_exploitants"
"01",2010,7
"01",2011,7
"01",2012,16
"01",2013,12
"01",2014,4
"01",2015,11
"01",2016,21
"01",2017,29
"01",2018,32
"01",2019,34
"01",2020,28
"01",2021,30
"01",2022,30
"01",2023,19
"01",2024,32
"02",2010,5
"02",2011,6
"02",2012,7
"02",2013,4
"02",2014,4
"02",2015,7
"02",2016,11
"02",2017,17
"02",2018,15
"02",2019,32
"02",2020,36
"02",2021,30
"02",2022,8
"02",2023,9
"02",2024,6
"03",2010,14
"03",2011,10
"03",2012,6
"03",2013,7
"03",2014,7
"03",2015,20
"03",2016,20
"03",2017,26
"03",2018,20
"03",2019,15
"03",2020,22
"03",2021,24
"03",2022,35
"03",2023,23
"03",2024,30
"04",2010,30
"04",2011,19
"04",2012,15
"04",2013,17
"04",2014,25
"04",2015,32
"04",2016,21
"04",2017,22
"04",2018,28
"04",2019,41
"04",2020,51
"04",2021,44
"04",2022,45
"04",2023,61
"04",2024,52
"05",2010,13
"05",2011,8
"05",2012,15
"05",2013,11
"05",2014,16
"05",2015,29
"05",2016,27
"05",2017,52
"05",2018,29
"05",2019,24
"05",2020,26
"05",2021,49
"05",2022,35
"05",2023,56
"05",2024,39
"06",2010,17
"06",2011,10
"06",2012,9
"06",2013,10
"06",2014,15
"06",2015,9
"06",2016,21
"06",2017,13
"06",2018,25
"06",2019,28
"06",2020,38
"06",2021,38
"06",2022,47
"06",2023,62
"06",2024,52
"07",2010,47
"07",2011,35
"07",2012,44
"07",2013,27
"07",2014,43
"07",2015,37
"07",2016,58
"07",2017,59
"07",2018,67
"07",2019,78
"07",2020,92
"07",2021,89
"07",2022,114
"07",2023,103
"07",2024,100
"08",2010,11
"08",2011,16
"08",2012,5
"08",2013,2
"08",2014,6
"08",2015,7
"08",2016,15
"08",2017,17
"08",2018,16
"08",2019,13
"08",2020,12
"08",2021,13
"08",2022,15
"08",2023,9
"08",2024,6
"09",2010,31
"09",2011,14
"09",2012,10
"09",2013,13
"09",2014,15
"09",2015,41
"09",2016,41
"09",2017,37
"09",2018,47
"09",2019,51
"09",2020,74
"09",2021,72
"09",2022,85
"09",2023,114
"09",2024,150
"10",2010,11
"10",2011,10
"10",2012,3
"10",2013,1
"10",2014,8
"10",2015,11
"10",2016,19
"10",2017,12
"10",2018,29
"10",2019,29
"10",2020,50
"10",2021,50
"10",2022,12
"10",2023,17
"10",2024,13
"11",2010,40
"11",2011,35
"11",2012,22
"11",2013,31
"11",2014,29
"11",2015,63
"11",2016,68
"11",2017,66
"11",2018,111
"11",2019,127
"11",2020,143
"11",2021,169
"11",2022,108
"11",2023,121
"11",2024,108
"12",2010,37
"12",2011,22
"12",2012,15
"12",2013,13
"12",2014,23
"12",2015,67
"12",2016,121
"12",2017,83
"12",2018,54
"12",2019,71
"12",2020,72
"12",2021,79
"12",2022,76
"12",2023,83
"12",2024,98
"13",2010,43
"13",2011,49
"13",2012,36
"13",2013,31
"13",2014,37
"13",2015,35
"13",2016,45
"13",2017,68
"13",2018,90
"13",2019,92
"13",2020,111
"13",2021,104
"13",2022,63
"13",2023,82
"13",2024,79
"14",2010,27
"14",2011,14
"14",2012,9
"14",2013,7
"14",2014,16
"14",2015,27
"14",2016,34
"14",2017,41
"14",2018,36
"14",2019,37
"14",2020,39
"14",2021,51
"14",2022,27
"14",2023,30
"14",2024,30
"15",2010,12
"15",2011,7
"15",2012,7
"15",2013,7
"15",2014,7
"15",2015,23
"15",2016,40
"15",2017,39
"15",2018,23
"15",2019,31
"15",2020,13
"15",2021,19
"15",2022,26
"15",2023,30
"15",2024,20
"16",2010,12
"16",2011,7
"16",2012,4
"16",2013,5
"16",2014,11
"16",2015,24
"16",2016,31
"16",2017,22
"16",2018,34
"16",2019,27
"16",2020,39
"16",2021,49
"16",2022,20
"16",2023,27
"16",2024,31
"17",2010,12
"17",2011,17
"17",2012,11
"17",2013,8
"17",2014,3
"17",2015,15
"17",2016,39
"17",2017,34
"17",2018,40
"17",2019,47
"17",2020,57
"17",2021,40
"17",2022,35
"17",2023,33
"17",2024,40
"18",2010,10
"18",2011,7
"18",2012,6
"18",2013,7
"18",2014,8
"18",2015,20
"18",2016,6
"18",2017,18
"18",2018,26
"18",2019,41
"18",2020,57
"18",2021,53
"18",2022,35
"18",2023,15
"18",2024,15
"19",2010,5
"19",2011,8
"19",2012,16
"19",2013,13
"19",2014,12
"19",2015,21
"19",2016,25
"19",2017,32
"19",2018,19
"19",2019,39
"19",2020,31
"19",2021,46
"19",2022,31
"19",2023,67
"19",2024,41
"20",2010,17
"20",2011,17
"20",2012,13
"20",2013,12
"20",2014,12
"20",2015,17
"20",2016,24
"20",2017,38
"20",2018,44
"20",2019,48
"20",2020,37
"20",2021,34
"20",2022,32
"20",2023,39
"20",2024,107
"21",2010,31
"21",2011,13
"21",2012,12
"21",2013,14
"21",2014,7
"21",2015,31
"21",2016,47
"21",2017,29
"21",2018,62
"21",2019,78
"21",2020,121
"21",2021,134
"21",2022,47
"21",2023,52
"21",2024,83
"22",2010,43
"22",2011,23
"22",2012,16
"22",2013,15
"22",2014,20
"22",2015,36
"22",2016,69
"22",2017,71
"22",2018,92
"22",2019,86
"22",2020,64
"22",2021,97
"22",2022,77
"22",2023,62
"22",2024,67
"23",2010,7
"23",2011,10
"23",2012,9
"23",2013,8
"23",2014,8
"23",2015,11
"23",2016,14
"23",2017,16
"23",2018,23
"23",2019,14
"23",2020,16
"23",2021,35
"23",2022,44
"23",2023,27
"23",2024,39
"24",2010,66
"24",2011,18
"24",2012,31
"24",2013,21
"24",2014,39
"24",2015,32
"24",2016,62
"24",2017,63
"24",2018,96
"24",2019,111
"24",2020,129
"24",2021,149
"24",2022,130
"24",2023,119
"24",2024,102
"25",2010,6
"25",2011,6
"25",2012,4
"25",2013,4
"25",2014,9
"25",2015,7
"25",2016,12
"25",2017,17
"25",2018,19
"25",2019,13
"25",2020,31
"25",2021,27
"25",2022,16
"25",2023,21
"25",2024,17
"26",2010,70
"26",2011,54
"26",2012,32
"26",2013,39
"26",2014,36
"26",2015,42
"26",2016,77
"26",2017,75
"26",2018,98
"26",2019,125
"26",2020,186
"26",2021,146
"26",2022,117
"26",2023,97
"26",2024,84
"27",2010,15
"27",2011,4
"27",2012,5
"27",2013,4
"27",2014,6
"27",2015,9
"27",2016,13
"27",2017,24
"27",2018,22
"27",2019,28
"27",2020,26
"27",2021,21
"27",2022,21
"27",2023,15
"27",2024,9
"28",2010,7
"28",2011,4
"28",2012,3
"28",2013,4
"28",2014,5
"28",2015,6
"28",2016,4
"28",2017,19
"28",2018,37
"28",2019,22
"28",2020,15
"28",2021,13
"28",2022,15
"28",2023,10
"28",2024,10
"29",2010,42
"29",2011,40
"29",2012,20
"29",2013,28
"29",2014,21
"29",2015,45
"29",2016,71
"29",2017,60
"29",2018,94
"29",2019,79
"29",2020,91
"29",2021,72
"29",2022,77
"29",2023,79
"29",2024,100
"30",2010,50
"30",2011,38
"30",2012,32
"30",2013,23
"30",2014,30
"30",2015,34
"30",2016,45
"30",2017,81
"30",2018,112
"30",2019,143
"30",2020,184
"30",2021,157
"30",2022,114
"30",2023,102
"30",2024,111
"31",2010,28
"31",2011,26
"31",2012,14
"31",2013,13
"31",2014,25
"31",2015,63
"31",2016,45
"31",2017,38
"31",2018,66
"31",2019,78
"31",2020,118
"31",2021,159
"31",2022,111
"31",2023,119
"31",2024,219
"32",2010,52
"32",2011,25
"32",2012,33
"32",2013,40
"32",2014,50
"32",2015,148
"32",2016,94
"32",2017,76
"32",2018,146
"32",2019,160
"32",2020,191
"32",2021,222
"32",2022,102
"32",2023,144
"32",2024,298
"33",2010,76
"33",2011,39
"33",2012,29
"33",2013,22
"33",2014,21
"33",2015,29
"33",2016,44
"33",2017,67
"33",2018,108
"33",2019,168
"33",2020,229
"33",2021,194
"33",2022,96
"33",2023,68
"33",2024,65
"34",2010,66
"34",2011,52
"34",2012,25
"34",2013,35
"34",2014,17
"34",2015,40
"34",2016,47
"34",2017,85
"34",2018,137
"34",2019,139
"34",2020,137
"34",2021,134
"34",2022,113
"34",2023,111
"34",2024,108
"35",2010,51
"35",2011,15
"35",2012,20
"35",2013,18
"35",2014,16
"35",2015,30
"35",2016,97
"35",2017,63
"35",2018,68
"35",2019,71
"35",2020,87
"35",2021,73
"35",2022,53
"35",2023,60
"35",2024,64
"36",2010,6
"36",2011,3
"36",2012,5
"36",2013,5
"36",2014,8
"36",2015,16
"36",2016,8
"36",2017,15
"36",2018,21
"36",2019,21
"36",2020,36
"36",2021,26
"36",2022,20
"36",2023,14
"36",2024,13
"37",2010,17
"37",2011,18
"37",2012,17
"37",2013,15
"37",2014,7
"37",2015,30
"37",2016,10
"37",2017,23
"37",2018,36
"37",2019,43
"37",2020,60
"37",2021,56
"37",2022,38
"37",2023,32
"37",2024,39
"38",2010,34
"38",2011,30
"38",2012,17
"38",2013,13
"38",2014,14
"38",2015,36
"38",2016,48
"38",2017,36
"38",2018,55
"38",2019,83
"38",2020,96
"38",2021,92
"38",2022,75
"38",2023,69
"38",2024,65
"39",2010,19
"39",2011,11
"39",2012,16
"39",2013,9
"39",2014,5
"39",2015,20
"39",2016,22
"39",2017,35
"39",2018,34
"39",2019,31
"39",2020,36
"39",2021,41
"39",2022,36
"39",2023,44
"39",2024,36
"40",2010,12
"40",2011,9
"40",2012,4
"40",2013,7
"40",2014,5
"40",2015,9
"40",2016,18
"40",2017,29
"40",2018,36
"40",2019,45
"40",2020,31
"40",2021,29
"40",2022,23
"40",2023,25
"40",2024,45
"41",2010,13
"41",2011,3
"41",2012,1
"41",2013,10
"41",2014,3
"41",2015,7
"41",2016,9
"41",2017,16
"41",2018,18
"41",2019,28
"41",2020,24
"41",2021,32
"41",2022,27
"41",2023,12
"41",2024,16
"42",2010,32
"42",2011,19
"42",2012,11
"42",2013,15
"42",2014,15
"42",2015,19
"42",2016,50
"42",2017,54
"42",2018,45
"42",2019,38
"42",2020,43
"42",2021,44
"42",2022,31
"42",2023,38
"42",2024,37
"43",2010,38
"43",2011,19
"43",2012,10
"43",2013,11
"43",2014,12
"43",2015,26
"43",2016,68
"43",2017,26
"43",2018,26
"43",2019,37
"43",2020,36
"43",2021,40
"43",2022,50
"43",2023,32
"43",2024,40
"44",2010,61
"44",2011,30
"44",2012,20
"44",2013,23
"44",2014,21
"44",2015,39
"44",2016,77
"44",2017,76
"44",2018,74
"44",2019,103
"44",2020,94
"44",2021,97
"44",2022,67
"44",2023,81
"44",2024,215
"45",2010,15
"45",2011,2
"45",2012,2
"45",2013,4
"45",2014,6
"45",2015,6
"45",2016,6
"45",2017,12
"45",2018,18
"45",2019,19
"45",2020,24
"45",2021,21
"45",2022,20
"45",2023,12
"45",2024,16
"46",2010,30
"46",2011,11
"46",2012,6
"46",2013,13
"46",2014,11
"46",2015,28
"46",2016,31
"46",2017,36
"46",2018,45
"46",2019,77
"46",2020,72
"46",2021,80
"46",2022,51
"46",2023,73
"46",2024,78
"47",2010,42
"47",2011,14
"47",2012,19
"47",2013,14
"47",2014,17
"47",2015,31
"47",2016,40
"47",2017,48
"47",2018,92
"47",2019,67
"47",2020,99
"47",2021,94
"47",2022,65
"47",2023,79
"47",2024,63
"48",2010,15
"48",2011,15
"48",2013,10
"48",2014,13
"48",2015,29
"48",2016,53
"48",2017,40
"48",2018,18
"48",2019,20
"48",2020,34
"48",2021,38
"48",2022,43
"48",2023,37
"48",2024,36
"49",2010,53
"49",2011,41
"49",2012,22
"49",2013,22
"49",2014,21
"49",2015,37
"49",2016,90
"49",2017,62
"49",2018,99
"49",2019,96
"49",2020,96
"49",2021,101
"49",2022,76
"49",2023,64
"49",2024,54
"50",2010,31
"50",2011,23
"50",2012,15
"50",2013,20
"50",2014,15
"50",2015,25
"50",2016,46
"50",2017,50
"50",2018,47
"50",2019,43
"50",2020,46
"50",2021,55
"50",2022,26
"50",2023,37
"50",2024,41
"51",2010,11
"51",2011,19
"51",2012,13
"51",2013,11
"51",2014,14
"51",2015,12
"51",2016,24
"51",2017,37
"51",2018,42
"51",2019,59
"51",2020,128
"51",2021,105
"51",2022,48
"51",2023,33
"51",2024,43
"52",2010,6
"52",2011,1
"52",2012,5
"52",2013,3
"52",2014,6
"52",2015,18
"52",2016,12
"52",2017,9
"52",2018,26
"52",2019,19
"52",2020,39
"52",2021,40
"52",2022,11
"52",2023,18
"52",2024,11
"53",2010,20
"53",2011,13
"53",2012,19
"53",2013,7
"53",2014,12
"53",2015,15
"53",2016,45
"53",2017,43
"53",2018,44
"53",2019,41
"53",2020,55
"53",2021,52
"53",2022,34
"53",2023,33
"53",2024,21
"54",2010,10
"54",2011,12
"54",2012,6
"54",2013,12
"54",2014,9
"54",2015,24
"54",2016,21
"54",2017,16
"54",2018,19
"54",2019,26
"54",2020,41
"54",2021,25
"54",2022,16
"54",2023,13
"54",2024,19
"55",2010,8
"55",2011,4
"55",2012,4
"55",2013,5
"55",2014,4
"55",2015,5
"55",2016,19
"55",2017,20
"55",2018,13
"55",2019,29
"55",2020,22
"55",2021,32
"55",2022,16
"55",2023,20
"55",2024,20
"56",2010,31
"56",2011,26
"56",2012,19
"56",2013,22
"56",2014,18
"56",2015,28
"56",2016,65
"56",2017,67
"56",2018,62
"56",2019,63
"56",2020,68
"56",2021,70
"56",2022,75
"56",2023,65
"56",2024,60
"57",2010,20
"57",2011,9
"57",2012,5
"57",2013,3
"57",2014,5
"57",2015,17
"57",2016,33
"57",2017,16
"57",2018,19
"57",2019,17
"57",2020,38
"57",2021,34
"57",2022,18
"57",2023,21
"57",2024,17
"58",2010,14
"58",2011,4
"58",2012,6
"58",2013,3
"58",2014,6
"58",2015,13
"58",2016,21
"58",2017,21
"58",2018,17
"58",2019,28
"58",2020,39
"58",2021,34
"58",2022,22
"58",2023,19
"58",2024,16
"59",2010,19
"59",2011,14
"59",2012,10
"59",2013,9
"59",2014,13
"59",2015,24
"59",2016,35
"59",2017,28
"59",2018,34
"59",2019,39
"59",2020,43
"59",2021,33
"59",2022,22
"59",2023,16
"59",2024,19
"60",2010,10
"60",2011,4
"60",2012,5
"60",2013,2
"60",2014,2
"60",2015,4
"60",2016,12
"60",2017,7
"60",2018,25
"60",2019,24
"60",2020,27
"60",2021,17
"60",2022,10
"60",2023,5
"60",2024,7
"61",2010,27
"61",2011,18
"61",2012,10
"61",2013,11
"61",2014,6
"61",2015,20
"61",2016,34
"61",2017,36
"61",2018,24
"61",2019,36
"61",2020,29
"61",2021,41
"61",2022,35
"61",2023,22
"61",2024,30
"62",2010,11
"62",2011,5
"62",2012,8
"62",2013,5
"62",2014,3
"62",2015,9
"62",2016,15
"62",2017,29
"62",2018,21
"62",2019,32
"62",2020,22
"62",2021,31
"62",2022,12
"62",2023,10
"62",2024,12
"63",2010,25
"63",2011,17
"63",2012,12
"63",2013,12
"63",2014,10
"63",2015,27
"63",2016,55
"63",2017,42
"63",2018,48
"63",2019,46
"63",2020,49
"63",2021,51
"63",2022,48
"63",2023,49
"63",2024,51
"64",2010,25
"64",2011,12
"64",2012,16
"64",2013,11
"64",2014,16
"64",2015,31
"64",2016,42
"64",2017,50
"64",2018,67
"64",2019,64
"64",2020,68
"64",2021,100
"64",2022,67
"64",2023,83
"64",2024,88
"65",2010,13
"65",2011,6
"65",2012,6
"65",2013,1
"65",2014,1
"65",2015,31
"65",2016,23
"65",2017,20
"65",2018,45
"65",2019,33
"65",2020,33
"65",2021,44
"65",2022,32
"65",2023,78
"65",2024,109
"66",2010,38
"66",2011,32
"66",2012,19
"66",2013,18
"66",2014,16
"66",2015,45
"66",2016,36
"66",2017,48
"66",2018,75
"66",2019,100
"66",2020,71
"66",2021,71
"66",2022,55
"66",2023,67
"66",2024,67
"67",2010,25
"67",2011,12
"67",2012,10
"67",2013,9
"67",2014,11
"67",2015,20
"67",2016,21
"67",2017,29
"67",2018,47
"67",2019,76
"67",2020,89
"67",2021,64
"67",2022,20
"67",2023,11
"67",2024,18
"68",2010,20
"68",2011,25
"68",2012,8
"68",2013,15
"68",2014,7
"68",2015,15
"68",2016,54
"68",2017,33
"68",2018,42
"68",2019,48
"68",2020,85
"68",2021,59
"68",2022,24
"68",2023,23
"68",2024,19
"69",2010,18
"69",2011,14
"69",2012,18
"69",2013,16
"69",2014,10
"69",2015,32
"69",2016,61
"69",2017,44
"69",2018,60
"69",2019,69
"69",2020,89
"69",2021,73
"69",2022,46
"69",2023,34
"69",2024,38
"70",2010,24
"70",2011,5
"70",2012,6
"70",2013,4
"70",2014,5
"70",2015,23
"70",2016,20
"70",2017,26
"70",2018,17
"70",2019,24
"70",2020,25
"70",2021,22
"70",2022,12
"70",2023,18
"70",2024,6
"71",2010,13
"71",2011,9
"71",2012,8
"71",2013,10
"71",2014,7
"71",2015,23
"71",2016,33
"71",2017,28
"71",2018,35
"71",2019,61
"71",2020,48
"71",2021,75
"71",2022,50
"71",2023,46
"71",2024,60
"72",2010,7
"72",2011,9
"72",2012,32
"72",2013,5
"72",2014,11
"72",2015,13
"72",2016,29
"72",2017,34
"72",2018,29
"72",2019,26
"72",2020,32
"72",2021,24
"72",2022,34
"72",2023,28
"72",2024,23
"73",2010,6
"73",2011,7
"73",2012,6
"73",2013,12
"73",2014,4
"73",2015,5
"73",2016,11
"73",2017,22
"73",2018,10
"73",2019,29
"73",2020,26
"73",2021,31
"73",2022,22
"73",2023,29
"73",2024,13
"74",2010,9
"74",2011,10
"74",2012,11
"74",2013,4
"74",2014,5
"74",2015,7
"74",2016,9
"74",2017,14
"74",2018,23
"74",2019,24
"74",2020,25
"74",2021,33
"74",2022,24
"74",2023,24
"74",2024,17
"75",2012,1
"75",2015,1
"75",2016,3
"75",2017,3
"75",2018,4
"75",2019,2
"75",2020,8
"75",2021,12
"75",2022,3
"75",2023,5
"75",2024,4
"76",2010,18
"76",2011,12
"76",2012,5
"76",2013,7
"76",2014,9
"76",2015,15
"76",2016,17
"76",2017,24
"76",2018,22
"76",2019,29
"76",2020,31
"76",2021,21
"76",2022,13
"76",2023,9
"76",2024,16
"77",2010,6
"77",2011,8
"77",2012,4
"77",2013,4
"77",2014,4
"77",2015,6
"77",2016,13
"77",2017,15
"77",2018,19
"77",2019,34
"77",2020,35
"77",2021,31
"77",2022,16
"77",2023,14
"77",2024,13
"78",2010,9
"78",2011,2
"78",2012,2
"78",2013,6
"78",2014,1
"78",2015,2
"78",2016,3
"78",2017,12
"78",2018,21
"78",2019,17
"78",2020,16
"78",2021,13
"78",2022,7
"78",2023,8
"78",2024,8
"79",2010,21
"79",2011,18
"79",2012,13
"79",2013,4
"79",2014,21
"79",2015,30
"79",2016,39
"79",2017,37
"79",2018,54
"79",2019,58
"79",2020,55
"79",2021,58
"79",2022,37
"79",2023,35
"79",2024,20
"80",2010,6
"80",2011,8
"80",2012,3
"80",2013,7
"80",2014,2
"80",2015,10
"80",2016,12
"80",2017,24
"80",2018,16
"80",2019,24
"80",2020,18
"80",2021,19
"80",2022,11
"80",2023,8
"80",2024,8
"81",2010,25
"81",2011,18
"81",2012,18
"81",2013,19
"81",2014,23
"81",2015,37
"81",2016,50
"81",2017,53
"81",2018,61
"81",2019,62
"81",2020,82
"81",2021,84
"81",2022,82
"81",2023,92
"81",2024,95
"82",2010,17
"82",2011,15
"82",2012,9
"82",2013,5
"82",2014,11
"82",2015,28
"82",2016,35
"82",2017,43
"82",2018,64
"82",2019,37
"82",2020,50
"82",2021,155
"82",2022,69
"82",2023,70
"82",2024,127
"83",2010,37
"83",2011,34
"83",2012,26
"83",2013,30
"83",2014,19
"83",2015,28
"83",2016,36
"83",2017,67
"83",2018,92
"83",2019,97
"83",2020,110
"83",2021,105
"83",2022,107
"83",2023,68
"83",2024,106
"84",2010,71
"84",2011,58
"84",2012,29
"84",2013,23
"84",2014,26
"84",2015,30
"84",2016,47
"84",2017,73
"84",2018,72
"84",2019,109
"84",2020,115
"84",2021,179
"84",2022,107
"84",2023,93
"84",2024,71
"85",2010,20
"85",2011,22
"85",2012,6
"85",2013,15
"85",2014,20
"85",2015,32
"85",2016,58
"85",2017,72
"85",2018,68
"85",2019,70
"85",2020,68
"85",2021,59
"85",2022,52
"85",2023,37
"85",2024,114
"86",2010,15
"86",2011,11
"86",2012,4
"86",2013,9
"86",2014,16
"86",2015,26
"86",2016,49
"86",2017,25
"86",2018,58
"86",2019,34
"86",2020,50
"86",2021,58
"86",2022,32
"86",2023,29
"86",2024,25
"87",2010,10
"87",2011,18
"87",2012,8
"87",2013,15
"87",2014,20
"87",2015,37
"87",2016,39
"87",2017,27
"87",2018,35
"87",2019,32
"87",2020,36
"87",2021,50
"87",2022,56
"87",2023,52
"87",2024,50
"88",2010,21
"88",2011,11
"88",2012,10
"88",2013,4
"88",2014,9
"88",2015,20
"88",2016,27
"88",2017,23
"88",2018,16
"88",2019,31
"88",2020,22
"88",2021,31
"88",2022,19
"88",2023,12
"88",2024,9
"89",2010,30
"89",2011,11
"89",2012,12
"89",2013,3
"89",2014,11
"89",2015,29
"89",2016,16
"89",2017,23
"89",2018,70
"89",2019,57
"89",2020,63
"89",2021,49
"89",2022,39
"89",2023,26
"89",2024,16
"90",2010,3
"90",2012,1
"90",2014,2
"90",2015,1
"90",2016,1
"90",2017,2
"90",2018,2
"90",2019,1
"90",2022,3
"90",2023,1
"91",2010,4
"91",2011,1
"91",2012,3
"91",2013,2
"91",2014,7
"91",2015,5
"91",2016,5
"91",2017,11
"91",2018,26
"91",2019,17
"91",2020,12
"91",2021,17
"91",2022,5
"91",2023,3
"91",2024,10
"92",2011,2
"92",2012,1
"92",2015,2
"92",2016,1
"92",2018,1
"92",2019,2
"92",2022,2
"92",2023,3
"92",2024,3
"93",2012,1
"93",2015,2
"93",2016,1
"93",2020,1
"93",2021,1
"93",2023,1
"94",2014,3
"94",2015,1
"94",2017,4
"94",2020,1
"94",2023,4
"94",2024,2
"95",2010,2
"95",2015,1
"95",2016,2
"95",2017,2
"95",2018,5
"95",2019,3
"95",2020,4
"95",2021,5
"95",2022,2
"95",2024,3
"97",2010,13
"97",2011,32
"97",2012,20
"97",2013,29
"97",2014,16
"97",2015,27
"97",2016,47
"97",2017,56
"97",2018,62
"97",2019,79
"97",2020,132
"97",2021,136
"97",2022,141
"97",2023,110
"97",2024,96
