annee,code_departement,type_alerte,nb_alertes
2010,01,Gel,151
2010,02,Gel,120
2010,03,Gel,134
2010,04,Gel,236
2010,05,Gel,269
2010,06,Gel,226
2010,07,Gel,161
2010,08,Gel,131
2010,09,Gel,203
2010,10,Gel,115
2010,12,Gel,168
2010,14,Gel,112
2010,15,Gel,167
2010,16,Gel,103
2010,17,Gel,95
2010,18,Gel,114
2010,19,Gel,140
2010,21,Gel,125
2010,22,Gel,97
2010,23,Gel,139
2010,24,Gel,97
2010,25,Gel,179
2010,26,Gel,161
2010,27,Gel,110
2010,28,Gel,127
2010,29,Gel,93
2010,2A,Gel,150
2010,2A,Inondation,31
2010,2B,Gel,144
2010,2B,Inondation,22
2010,30,Gel,171
2010,31,Gel,196
2010,33,Gel,108
2010,35,Gel,97
2010,36,Gel,107
2010,37,Gel,100
2010,38,Gel,275
2010,39,Gel,162
2010,41,Gel,117
2010,42,Gel,167
2010,43,Gel,179
2010,45,Gel,102
2010,48,Gel,185
2010,49,Gel,90
2010,50,Gel,95
2010,51,Gel,130
2010,52,Gel,141
2010,53,Gel,107
2010,54,Gel,128
2010,55,Gel,126
2010,56,Gel,103
2010,57,Gel,133
2010,58,Gel,127
2010,59,Gel,94
2010,60,Gel,113
2010,61,Gel,125
2010,62,Gel,92
2010,63,Gel,179
2010,64,Gel,180
2010,65,Gel,251
2010,66,Gel,215
2010,67,Gel,145
2010,68,Gel,156
2010,69,Gel,121
2010,70,Gel,159
2010,71,Gel,128
2010,72,Gel,97
2010,73,Gel,283
2010,73,Inondation,14
2010,74,Gel,350
2010,75,Gel,84
2010,76,Gel,92
2010,77,Gel,106
2010,78,Gel,99
2010,79,Gel,95
2010,80,Gel,109
2010,81,Gel,117
2010,84,Gel,159
2010,86,Gel,101
2010,87,Gel,116
2010,88,Gel,145
2010,89,Gel,117
2010,90,Gel,148
2010,91,Gel,96
2010,95,Gel,91
2010,05,Inondation,16
2010,11,Gel,119
2010,13,Gel,95
2010,32,Gel,87
2010,34,Gel,108
2010,40,Gel,89
2010,44,Gel,81
2010,46,Gel,104
2010,47,Gel,101
2010,82,Gel,92
2010,83,Gel,120
2010,85,Gel,83
2010,92,Gel,62
2010,93,Gel,72
2010,94,Gel,69
2010,11,Inondation,14
2010,13,Inondation,7
2010,66,Inondation,19
2010,83,Inondation,21
2010,84,Inondation,17
2010,30,Inondation,30
2010,50,Inondation,7
2010,07,Inondation,26
2010,09,Inondation,12
2010,12,Inondation,11
2010,31,Inondation,11
2010,34,Inondation,22
2010,40,Inondation,10
2010,48,Inondation,24
2010,64,Inondation,22
2010,65,Inondation,17
2010,01,Inondation,13
2010,15,Inondation,19
2010,38,Inondation,20
2010,81,Inondation,12
2010,06,Inondation,22
2010,29,Inondation,12
2010,68,Inondation,14
2010,74,Inondation,16
2010,90,Inondation,7
2010,22,Inondation,7
2010,56,Inondation,9
2010,64,Sécheresse,110
2010,2A,Sécheresse,147
2010,04,Inondation,14
2010,40,Sécheresse,126
2010,09,Sécheresse,113
2010,31,Sécheresse,107
2010,65,Sécheresse,102
2010,07,Sécheresse,133
2010,23,Inondation,11
2010,87,Inondation,8
2010,46,Sécheresse,117
2010,26,Inondation,14
2010,11,Sécheresse,138
2010,26,Sécheresse,129
2010,30,Sécheresse,147
2010,34,Sécheresse,142
2010,66,Sécheresse,148
2010,83,Sécheresse,144
2010,16,Sécheresse,100
2010,24,Sécheresse,115
2010,33,Sécheresse,119
2010,47,Sécheresse,112
2010,13,Sécheresse,133
2010,36,Sécheresse,95
2010,81,Sécheresse,116
2010,82,Sécheresse,117
2010,84,Sécheresse,137
2010,04,Sécheresse,123
2010,12,Sécheresse,108
2010,17,Sécheresse,94
2010,19,Sécheresse,98
2010,32,Sécheresse,112
2010,38,Sécheresse,108
2010,42,Sécheresse,107
2010,48,Sécheresse,98
2010,15,Sécheresse,99
2010,43,Sécheresse,80
2010,69,Sécheresse,101
2010,03,Sécheresse,91
2010,08,Sécheresse,67
2010,18,Sécheresse,88
2010,25,Sécheresse,75
2010,27,Sécheresse,72
2010,39,Sécheresse,81
2010,41,Sécheresse,83
2010,45,Sécheresse,79
2010,51,Sécheresse,64
2010,52,Sécheresse,68
2010,58,Sécheresse,88
2010,68,Sécheresse,74
2010,70,Sécheresse,72
2010,71,Sécheresse,92
2010,72,Sécheresse,82
2010,73,Sécheresse,94
2010,75,Sécheresse,72
2010,88,Sécheresse,69
2010,89,Sécheresse,87
2010,92,Sécheresse,69
2010,94,Sécheresse,74
2010,95,Sécheresse,81
2010,01,Sécheresse,92
2010,02,Sécheresse,57
2010,05,Sécheresse,109
2010,21,Sécheresse,67
2010,55,Sécheresse,57
2010,57,Sécheresse,61
2010,67,Sécheresse,64
2010,74,Sécheresse,80
2010,90,Sécheresse,51
2010,06,Sécheresse,125
2010,2B,Sécheresse,135
2010,10,Sécheresse,71
2010,14,Sécheresse,57
2010,22,Sécheresse,56
2010,23,Sécheresse,67
2010,28,Sécheresse,75
2010,29,Sécheresse,44
2010,35,Sécheresse,60
2010,37,Sécheresse,85
2010,44,Sécheresse,76
2010,49,Sécheresse,84
2010,50,Sécheresse,43
2010,53,Sécheresse,72
2010,56,Sécheresse,61
2010,59,Sécheresse,47
2010,60,Sécheresse,52
2010,61,Sécheresse,59
2010,62,Sécheresse,41
2010,63,Sécheresse,75
2010,76,Sécheresse,55
2010,77,Sécheresse,68
2010,78,Sécheresse,67
2010,79,Sécheresse,94
2010,80,Sécheresse,48
2010,85,Sécheresse,82
2010,86,Sécheresse,87
2010,87,Sécheresse,78
2010,91,Sécheresse,66
2010,93,Sécheresse,65
2010,54,Sécheresse,49
2010,42,Inondation,9
2010,32,Inondation,7
2010,63,Inondation,17
2010,02,Inondation,7
2010,60,Inondation,4
2010,76,Inondation,4
2010,10,Inondation,3
2010,19,Inondation,9
2010,57,Inondation,4
2010,70,Inondation,9
2010,39,Inondation,13
2010,21,Inondation,7
2010,25,Inondation,11
2010,43,Inondation,10
2010,69,Inondation,6
2010,03,Inondation,7
2010,24,Inondation,5
2010,46,Inondation,9
2010,47,Inondation,2
2010,58,Inondation,7
2010,71,Inondation,10
2010,82,Inondation,5
2010,88,Inondation,11
2010,14,Inondation,5
2010,27,Inondation,3
2010,28,Inondation,3
2010,41,Inondation,4
2010,54,Inondation,3
2010,61,Inondation,3
2010,85,Inondation,2
2010,86,Inondation,2
2010,36,Inondation,3
2010,75,Inondation,3
2010,78,Inondation,3
2010,94,Inondation,3
2010,16,Inondation,2
2010,17,Inondation,3
2010,33,Inondation,3
2010,67,Inondation,5
2010,18,Inondation,1
2010,77,Inondation,4
2010,89,Inondation,4
2010,59,Inondation,4
2010,91,Inondation,1
2010,92,Inondation,1
2010,93,Inondation,2
2010,95,Inondation,2
2010,45,Inondation,6
2010,51,Inondation,3
2010,08,Inondation,3
2010,52,Inondation,3
2010,55,Inondation,4
2010,80,Inondation,5
2010,35,Inondation,2
2010,37,Inondation,2
2010,44,Inondation,3
2010,49,Inondation,3
2010,72,Inondation,3
2010,62,Inondation,2
2010,79,Inondation,1
2010,53,Inondation,1
2011,01,Gel,132
2011,02,Gel,68
2011,03,Gel,96
2011,04,Gel,220
2011,05,Gel,266
2011,06,Gel,201
2011,07,Gel,141
2011,08,Gel,98
2011,09,Gel,158
2011,10,Gel,83
2011,11,Gel,87
2011,12,Gel,122
2011,14,Gel,49
2011,15,Gel,138
2011,16,Gel,62
2011,18,Gel,84
2011,19,Gel,119
2011,21,Gel,89
2011,22,Gel,40
2011,23,Gel,105
2011,25,Gel,168
2011,26,Gel,145
2011,27,Gel,57
2011,28,Gel,79
2011,29,Gel,34
2011,2A,Gel,162
2011,2B,Gel,111
2011,30,Gel,119
2011,31,Gel,183
2011,33,Gel,65
2011,34,Gel,80
2011,35,Gel,38
2011,36,Gel,72
2011,37,Gel,47
2011,38,Gel,265
2011,39,Gel,140
2011,40,Gel,60
2011,41,Gel,68
2011,42,Gel,139
2011,43,Gel,156
2011,44,Gel,29
2011,45,Gel,67
2011,47,Gel,62
2011,48,Gel,164
2011,49,Gel,38
2011,50,Gel,44
2011,51,Gel,95
2011,52,Gel,104
2011,53,Gel,54
2011,54,Gel,91
2011,55,Gel,91
2011,56,Gel,54
2011,57,Gel,106
2011,58,Gel,94
2011,59,Gel,48
2011,60,Gel,57
2011,61,Gel,74
2011,63,Gel,140
2011,64,Gel,151
2011,65,Gel,234
2011,66,Gel,191
2011,67,Gel,125
2011,68,Gel,132
2011,69,Gel,102
2011,70,Gel,128
2011,71,Gel,101
2011,72,Gel,53
2011,73,Gel,267
2011,74,Gel,350
2011,75,Gel,38
2011,76,Gel,36
2011,77,Gel,72
2011,78,Gel,61
2011,79,Gel,58
2011,80,Gel,51
2011,83,Gel,101
2011,84,Gel,130
2011,85,Gel,41
2011,86,Gel,65
2011,87,Gel,78
2011,88,Gel,119
2011,89,Gel,85
2011,90,Gel,123
2011,91,Gel,54
2011,92,Gel,19
2011,94,Gel,36
2011,95,Gel,42
2011,13,Gel,72
2011,17,Gel,59
2011,24,Gel,58
2011,32,Gel,44
2011,46,Gel,71
2011,81,Gel,73
2011,62,Gel,44
2011,82,Gel,45
2011,93,Gel,31
2011,68,Inondation,13
2011,74,Inondation,16
2011,88,Inondation,13
2011,90,Inondation,5
2011,07,Inondation,25
2011,48,Inondation,20
2011,01,Inondation,17
2011,30,Inondation,22
2011,31,Inondation,12
2011,38,Inondation,23
2011,06,Inondation,17
2011,62,Inondation,4
2011,2A,Inondation,25
2011,2B,Inondation,17
2011,11,Inondation,22
2011,34,Inondation,27
2011,66,Inondation,22
2011,81,Inondation,25
2011,66,Sécheresse,156
2011,13,Inondation,12
2011,83,Inondation,26
2011,64,Inondation,26
2011,65,Inondation,18
2011,73,Inondation,21
2011,04,Inondation,18
2011,09,Inondation,13
2011,12,Inondation,14
2011,15,Inondation,21
2011,05,Inondation,16
2011,43,Inondation,9
2011,69,Inondation,8
2011,26,Inondation,10
2011,84,Inondation,11
2011,89,Inondation,6
2011,71,Inondation,13
2011,04,Sécheresse,146
2011,05,Sécheresse,127
2011,06,Sécheresse,164
2011,07,Sécheresse,156
2011,09,Sécheresse,129
2011,11,Sécheresse,150
2011,12,Sécheresse,129
2011,15,Sécheresse,123
2011,19,Sécheresse,114
2011,24,Sécheresse,141
2011,30,Sécheresse,173
2011,32,Sécheresse,132
2011,33,Sécheresse,148
2011,34,Sécheresse,166
2011,40,Sécheresse,149
2011,46,Sécheresse,144
2011,47,Sécheresse,136
2011,48,Sécheresse,118
2011,64,Sécheresse,128
2011,65,Sécheresse,125
2011,79,Sécheresse,105
2011,81,Sécheresse,129
2011,82,Sécheresse,151
2011,01,Sécheresse,120
2011,02,Sécheresse,69
2011,03,Sécheresse,113
2011,08,Sécheresse,71
2011,10,Sécheresse,87
2011,16,Sécheresse,120
2011,17,Sécheresse,111
2011,18,Sécheresse,115
2011,21,Sécheresse,85
2011,23,Sécheresse,79
2011,25,Sécheresse,106
2011,26,Sécheresse,158
2011,31,Sécheresse,121
2011,36,Sécheresse,109
2011,37,Sécheresse,87
2011,38,Sécheresse,134
2011,39,Sécheresse,106
2011,41,Sécheresse,95
2011,42,Sécheresse,142
2011,43,Sécheresse,112
2011,45,Sécheresse,89
2011,51,Sécheresse,78
2011,52,Sécheresse,81
2011,54,Sécheresse,66
2011,55,Sécheresse,73
2011,57,Sécheresse,80
2011,58,Sécheresse,104
2011,60,Sécheresse,60
2011,63,Sécheresse,101
2011,67,Sécheresse,97
2011,68,Sécheresse,99
2011,69,Sécheresse,134
2011,70,Sécheresse,92
2011,71,Sécheresse,125
2011,73,Sécheresse,119
2011,74,Sécheresse,112
2011,77,Sécheresse,85
2011,84,Sécheresse,160
2011,87,Sécheresse,96
2011,88,Sécheresse,79
2011,89,Sécheresse,101
2011,92,Sécheresse,71
2011,93,Sécheresse,75
2011,94,Sécheresse,79
2011,95,Sécheresse,86
2011,2B,Sécheresse,160
2011,83,Sécheresse,166
2011,2A,Sécheresse,168
2011,13,Sécheresse,161
2011,14,Sécheresse,41
2011,22,Sécheresse,48
2011,27,Sécheresse,65
2011,29,Sécheresse,43
2011,35,Sécheresse,50
2011,44,Sécheresse,64
2011,49,Sécheresse,77
2011,50,Sécheresse,38
2011,53,Sécheresse,70
2011,56,Sécheresse,54
2011,61,Sécheresse,49
2011,72,Sécheresse,76
2011,75,Sécheresse,80
2011,76,Sécheresse,63
2011,78,Sécheresse,66
2011,80,Sécheresse,47
2011,85,Sécheresse,82
2011,86,Sécheresse,99
2011,28,Sécheresse,75
2011,90,Sécheresse,70
2011,91,Sécheresse,65
2011,59,Sécheresse,48
2011,62,Sécheresse,33
2011,39,Inondation,12
2011,22,Inondation,3
2011,29,Inondation,7
2011,56,Inondation,9
2011,18,Inondation,7
2011,35,Inondation,6
2011,49,Inondation,4
2011,79,Inondation,5
2011,82,Inondation,4
2011,86,Inondation,5
2011,19,Inondation,10
2011,52,Inondation,3
2011,63,Inondation,17
2011,87,Inondation,7
2011,46,Inondation,6
2011,10,Inondation,4
2011,21,Inondation,4
2011,70,Inondation,12
2011,32,Inondation,6
2011,77,Inondation,4
2011,17,Inondation,6
2011,37,Inondation,7
2011,45,Inondation,3
2011,23,Inondation,7
2011,41,Inondation,4
2011,91,Inondation,2
2011,24,Inondation,2
2011,40,Inondation,5
2011,47,Inondation,2
2011,42,Inondation,8
2011,58,Inondation,10
2011,67,Inondation,7
2011,02,Inondation,3
2011,08,Inondation,3
2011,51,Inondation,1
2011,59,Inondation,3
2011,03,Inondation,4
2011,36,Inondation,3
2011,50,Inondation,5
2011,61,Inondation,4
2011,25,Inondation,6
2011,16,Inondation,4
2011,33,Inondation,2
2011,94,Inondation,1
2011,54,Inondation,2
2011,55,Inondation,2
2011,57,Inondation,3
2011,76,Inondation,4
2011,80,Inondation,3
2011,27,Inondation,1
2011,44,Inondation,2
2011,72,Inondation,1
2011,53,Inondation,3
2011,78,Inondation,1
2011,14,Inondation,2
2011,85,Inondation,2
2011,60,Inondation,1
2012,04,Gel,227
2012,05,Gel,264
2012,06,Gel,209
2012,09,Gel,193
2012,2A,Gel,140
2012,2B,Gel,135
2012,38,Gel,249
2012,64,Gel,174
2012,65,Gel,237
2012,66,Gel,210
2012,73,Gel,261
2012,74,Gel,347
2012,83,Gel,115
2012,01,Gel,158
2012,15,Gel,165
2012,25,Gel,170
2012,26,Gel,168
2012,2A,Inondation,29
2012,30,Gel,152
2012,31,Gel,153
2012,38,Inondation,28
2012,42,Gel,163
2012,43,Gel,173
2012,48,Gel,183
2012,63,Gel,175
2012,68,Gel,149
2012,73,Inondation,23
2012,84,Gel,161
2012,03,Gel,112
2012,07,Gel,162
2012,12,Gel,143
2012,19,Gel,123
2012,21,Gel,98
2012,23,Gel,121
2012,34,Gel,100
2012,39,Gel,157
2012,52,Gel,106
2012,58,Gel,110
2012,63,Inondation,19
2012,67,Gel,128
2012,68,Inondation,22
2012,69,Gel,105
2012,70,Gel,152
2012,71,Gel,112
2012,87,Gel,85
2012,88,Gel,129
2012,88,Inondation,13
2012,90,Gel,132
2012,13,Gel,85
2012,61,Gel,76
2012,71,Inondation,15
2012,01,Inondation,24
2012,25,Inondation,14
2012,39,Inondation,19
2012,42,Inondation,14
2012,64,Inondation,18
2012,67,Inondation,3
2012,70,Inondation,9
2012,74,Inondation,21
2012,81,Inondation,16
2012,90,Inondation,11
2012,51,Gel,96
2012,77,Gel,76
2012,79,Gel,75
2012,10,Gel,82
2012,16,Gel,76
2012,18,Gel,89
2012,24,Gel,79
2012,28,Gel,85
2012,32,Gel,60
2012,33,Gel,82
2012,36,Gel,77
2012,40,Gel,77
2012,41,Gel,82
2012,45,Gel,69
2012,46,Gel,79
2012,47,Gel,64
2012,81,Gel,87
2012,82,Gel,70
2012,86,Gel,76
2012,89,Gel,93
2012,91,Gel,59
2012,11,Gel,86
2012,57,Gel,107
2012,17,Gel,72
2012,27,Gel,68
2012,35,Gel,52
2012,37,Gel,63
2012,44,Gel,48
2012,49,Gel,51
2012,54,Gel,85
2012,55,Gel,84
2012,56,Gel,71
2012,60,Gel,66
2012,72,Gel,65
2012,75,Gel,49
2012,76,Gel,49
2012,78,Gel,61
2012,85,Gel,61
2012,02,Gel,68
2012,08,Gel,85
2012,59,Gel,58
2012,62,Gel,51
2012,80,Gel,62
2012,14,Gel,60
2012,22,Gel,53
2012,29,Gel,47
2012,50,Gel,64
2012,53,Gel,66
2012,93,Gel,37
2012,94,Gel,40
2012,95,Gel,48
2012,92,Gel,31
2012,58,Inondation,6
2012,2B,Inondation,15
2012,40,Inondation,8
2012,83,Inondation,20
2012,07,Sécheresse,145
2012,62,Inondation,7
2012,59,Inondation,3
2012,30,Sécheresse,154
2012,34,Sécheresse,148
2012,83,Sécheresse,160
2012,04,Sécheresse,137
2012,05,Sécheresse,127
2012,11,Sécheresse,144
2012,12,Sécheresse,121
2012,13,Sécheresse,148
2012,15,Sécheresse,114
2012,16,Sécheresse,103
2012,19,Sécheresse,106
2012,46,Sécheresse,132
2012,48,Sécheresse,114
2012,09,Sécheresse,123
2012,17,Sécheresse,90
2012,24,Sécheresse,113
2012,31,Sécheresse,123
2012,32,Sécheresse,118
2012,33,Sécheresse,119
2012,40,Sécheresse,128
2012,47,Sécheresse,120
2012,64,Sécheresse,119
2012,65,Sécheresse,105
2012,81,Sécheresse,128
2012,82,Sécheresse,132
2012,87,Sécheresse,78
2012,03,Sécheresse,98
2012,10,Sécheresse,74
2012,18,Sécheresse,100
2012,21,Sécheresse,82
2012,23,Sécheresse,77
2012,36,Sécheresse,93
2012,42,Sécheresse,110
2012,45,Sécheresse,72
2012,58,Sécheresse,96
2012,89,Sécheresse,83
2012,41,Sécheresse,72
2012,63,Sécheresse,90
2012,68,Sécheresse,86
2012,71,Sécheresse,104
2012,73,Sécheresse,114
2012,77,Sécheresse,69
2012,94,Sécheresse,66
2012,95,Sécheresse,63
2012,07,Inondation,24
2012,09,Inondation,10
2012,31,Inondation,8
2012,65,Inondation,13
2012,66,Inondation,9
2012,2A,Sécheresse,161
2012,34,Inondation,25
2012,66,Sécheresse,148
2012,29,Sécheresse,26
2012,26,Sécheresse,142
2012,84,Sécheresse,144
2012,56,Sécheresse,42
2012,06,Sécheresse,144
2012,04,Inondation,16
2012,06,Inondation,24
2012,30,Inondation,18
2012,05,Inondation,18
2012,15,Inondation,17
2012,48,Inondation,17
2012,26,Inondation,22
2012,03,Inondation,9
2012,11,Inondation,10
2012,43,Inondation,15
2012,69,Inondation,9
2012,12,Inondation,16
2012,19,Inondation,4
2012,33,Inondation,5
2012,87,Inondation,5
2012,29,Inondation,7
2012,56,Inondation,5
2012,10,Inondation,5
2012,89,Inondation,3
2012,2B,Sécheresse,147
2012,38,Sécheresse,113
2012,74,Sécheresse,96
2012,01,Sécheresse,106
2012,16,Inondation,3
2012,17,Inondation,4
2012,24,Inondation,3
2012,25,Sécheresse,90
2012,39,Sécheresse,88
2012,43,Sécheresse,95
2012,46,Inondation,4
2012,52,Sécheresse,74
2012,54,Sécheresse,60
2012,55,Sécheresse,60
2012,57,Sécheresse,77
2012,67,Sécheresse,90
2012,69,Sécheresse,109
2012,70,Sécheresse,86
2012,79,Inondation,9
2012,84,Inondation,19
2012,85,Inondation,5
2012,86,Inondation,4
2012,88,Sécheresse,79
2012,90,Sécheresse,63
2012,21,Inondation,7
2012,44,Sécheresse,63
2012,79,Sécheresse,88
2012,86,Sécheresse,82
2012,35,Inondation,2
2012,78,Inondation,2
2012,91,Inondation,3
2012,02,Sécheresse,45
2012,08,Sécheresse,62
2012,14,Sécheresse,36
2012,27,Sécheresse,57
2012,28,Sécheresse,60
2012,35,Sécheresse,38
2012,37,Sécheresse,69
2012,49,Sécheresse,64
2012,51,Sécheresse,67
2012,53,Sécheresse,53
2012,59,Sécheresse,43
2012,60,Sécheresse,52
2012,61,Sécheresse,42
2012,72,Sécheresse,57
2012,75,Sécheresse,64
2012,76,Sécheresse,50
2012,78,Sécheresse,59
2012,80,Sécheresse,44
2012,85,Sécheresse,69
2012,91,Sécheresse,57
2012,92,Sécheresse,61
2012,93,Sécheresse,60
2012,32,Inondation,5
2012,82,Inondation,2
2012,13,Inondation,10
2012,55,Inondation,3
2012,52,Inondation,1
2012,54,Inondation,3
2012,57,Inondation,2
2012,77,Inondation,2
2012,22,Sécheresse,37
2012,50,Sécheresse,33
2012,62,Sécheresse,34
2012,23,Inondation,5
2012,27,Inondation,1
2012,28,Inondation,1
2012,08,Inondation,5
2012,41,Inondation,6
2012,51,Inondation,2
2012,18,Inondation,1
2012,60,Inondation,2
2012,22,Inondation,2
2012,02,Inondation,1
2012,37,Inondation,4
2012,45,Inondation,2
2012,76,Inondation,3
2012,80,Inondation,2
2012,36,Inondation,4
2012,14,Inondation,2
2012,53,Inondation,4
2012,44,Inondation,4
2012,50,Inondation,3
2012,61,Inondation,3
2012,72,Inondation,2
2012,49,Inondation,2
2012,47,Inondation,1
2013,01,Gel,157
2013,04,Gel,218
2013,05,Gel,282
2013,06,Gel,193
2013,07,Gel,165
2013,09,Gel,201
2013,11,Gel,114
2013,15,Gel,169
2013,25,Gel,170
2013,26,Gel,159
2013,2A,Gel,173
2013,2A,Inondation,29
2013,2B,Gel,144
2013,30,Gel,165
2013,31,Gel,212
2013,38,Gel,262
2013,39,Gel,159
2013,42,Gel,157
2013,43,Gel,170
2013,48,Gel,186
2013,51,Gel,115
2013,58,Gel,125
2013,63,Gel,171
2013,64,Gel,194
2013,65,Gel,249
2013,66,Gel,209
2013,67,Gel,149
2013,68,Gel,158
2013,68,Inondation,20
2013,69,Gel,131
2013,70,Gel,153
2013,71,Gel,127
2013,73,Gel,271
2013,74,Gel,332
2013,83,Gel,103
2013,84,Gel,162
2013,90,Gel,152
2013,02,Gel,94
2013,03,Gel,133
2013,08,Gel,116
2013,10,Gel,98
2013,12,Gel,139
2013,13,Gel,93
2013,16,Gel,83
2013,17,Gel,78
2013,18,Gel,104
2013,19,Gel,143
2013,21,Gel,119
2013,23,Gel,128
2013,24,Gel,85
2013,27,Gel,87
2013,28,Gel,104
2013,2B,Inondation,19
2013,33,Gel,80
2013,34,Gel,109
2013,35,Gel,59
2013,36,Gel,93
2013,37,Gel,74
2013,41,Gel,91
2013,44,Gel,53
2013,45,Gel,85
2013,46,Gel,101
2013,49,Gel,67
2013,50,Gel,71
2013,52,Gel,113
2013,53,Gel,84
2013,54,Gel,105
2013,55,Gel,104
2013,56,Gel,79
2013,57,Gel,121
2013,60,Gel,86
2013,61,Gel,94
2013,72,Gel,82
2013,76,Gel,75
2013,77,Gel,97
2013,78,Gel,78
2013,79,Gel,84
2013,81,Gel,118
2013,82,Gel,71
2013,85,Gel,67
2013,86,Gel,78
2013,87,Gel,113
2013,88,Gel,133
2013,89,Gel,107
2013,91,Gel,77
2013,32,Gel,63
2013,66,Sécheresse,142
2013,01,Inondation,23
2013,58,Inondation,12
2013,63,Inondation,16
2013,71,Inondation,17
2013,73,Inondation,25
2013,40,Gel,71
2013,59,Gel,84
2013,80,Gel,80
2013,47,Gel,59
2013,62,Gel,78
2013,75,Gel,73
2013,93,Gel,58
2013,95,Gel,62
2013,14,Gel,72
2013,22,Gel,67
2013,29,Gel,60
2013,31,Inondation,13
2013,40,Inondation,10
2013,64,Inondation,37
2013,65,Inondation,23
2013,92,Gel,43
2013,94,Gel,58
2013,09,Inondation,16
2013,04,Inondation,18
2013,05,Inondation,21
2013,06,Inondation,26
2013,07,Inondation,30
2013,30,Inondation,25
2013,32,Inondation,6
2013,34,Inondation,27
2013,48,Inondation,27
2013,81,Inondation,18
2013,83,Inondation,19
2013,84,Inondation,19
2013,29,Inondation,6
2013,70,Inondation,16
2013,90,Inondation,10
2013,15,Inondation,20
2013,18,Inondation,6
2013,19,Inondation,7
2013,21,Inondation,11
2013,23,Inondation,5
2013,25,Inondation,13
2013,36,Inondation,6
2013,38,Inondation,30
2013,39,Inondation,17
2013,52,Inondation,9
2013,55,Inondation,7
2013,57,Inondation,12
2013,67,Inondation,8
2013,74,Inondation,24
2013,87,Inondation,6
2013,88,Inondation,21
2013,89,Inondation,10
2013,66,Inondation,12
2013,11,Inondation,16
2013,12,Inondation,15
2013,22,Inondation,3
2013,50,Inondation,6
2013,38,Sécheresse,109
2013,09,Sécheresse,112
2013,40,Sécheresse,107
2013,64,Sécheresse,114
2013,79,Inondation,7
2013,33,Sécheresse,95
2013,65,Sécheresse,100
2013,81,Sécheresse,105
2013,01,Sécheresse,91
2013,03,Sécheresse,88
2013,07,Sécheresse,125
2013,08,Sécheresse,63
2013,10,Sécheresse,79
2013,15,Sécheresse,89
2013,16,Sécheresse,87
2013,17,Sécheresse,85
2013,18,Sécheresse,88
2013,19,Sécheresse,87
2013,23,Sécheresse,70
2013,24,Sécheresse,95
2013,25,Sécheresse,81
2013,26,Sécheresse,134
2013,27,Sécheresse,66
2013,28,Sécheresse,77
2013,31,Sécheresse,99
2013,32,Sécheresse,102
2013,36,Sécheresse,86
2013,37,Sécheresse,77
2013,39,Sécheresse,81
2013,41,Sécheresse,78
2013,42,Sécheresse,102
2013,43,Sécheresse,90
2013,45,Sécheresse,78
2013,46,Sécheresse,103
2013,47,Sécheresse,101
2013,51,Sécheresse,72
2013,52,Sécheresse,69
2013,54,Sécheresse,59
2013,58,Sécheresse,89
2013,59,Sécheresse,46
2013,60,Sécheresse,53
2013,63,Sécheresse,72
2013,67,Sécheresse,80
2013,68,Sécheresse,83
2013,69,Sécheresse,102
2013,70,Sécheresse,77
2013,71,Sécheresse,90
2013,72,Sécheresse,75
2013,73,Sécheresse,97
2013,74,Sécheresse,90
2013,75,Sécheresse,79
2013,76,Sécheresse,59
2013,77,Sécheresse,81
2013,78,Sécheresse,70
2013,79,Sécheresse,84
2013,80,Sécheresse,48
2013,82,Sécheresse,111
2013,84,Sécheresse,131
2013,86,Sécheresse,79
2013,87,Sécheresse,80
2013,88,Sécheresse,73
2013,89,Sécheresse,82
2013,91,Sécheresse,68
2013,92,Sécheresse,69
2013,93,Sécheresse,39
2013,94,Sécheresse,81
2013,95,Sécheresse,72
2013,04,Sécheresse,120
2013,05,Sécheresse,98
2013,12,Sécheresse,97
2013,2A,Sécheresse,167
2013,30,Sécheresse,141
2013,83,Sécheresse,151
2013,11,Sécheresse,133
2013,13,Sécheresse,137
2013,34,Sécheresse,144
2013,48,Sécheresse,89
2013,06,Sécheresse,129
2013,21,Sécheresse,73
2013,44,Sécheresse,77
2013,49,Sécheresse,76
2013,53,Sécheresse,76
2013,55,Sécheresse,58
2013,57,Sécheresse,61
2013,85,Sécheresse,81
2013,90,Sécheresse,63
2013,2B,Sécheresse,143
2013,56,Sécheresse,73
2013,02,Sécheresse,51
2013,14,Sécheresse,52
2013,22,Sécheresse,62
2013,35,Sécheresse,67
2013,50,Sécheresse,48
2013,61,Sécheresse,58
2013,62,Sécheresse,43
2013,03,Inondation,7
2013,69,Inondation,9
2013,42,Inondation,15
2013,43,Inondation,13
2013,10,Inondation,8
2013,59,Inondation,6
2013,26,Inondation,20
2013,13,Inondation,7
2013,08,Inondation,7
2013,54,Inondation,5
2013,78,Inondation,3
2013,24,Inondation,4
2013,46,Inondation,9
2013,47,Inondation,4
2013,82,Inondation,4
2013,29,Sécheresse,57
2013,35,Inondation,6
2013,56,Inondation,6
2013,85,Inondation,4
2013,33,Inondation,8
2013,41,Inondation,5
2013,45,Inondation,5
2013,77,Inondation,6
2013,91,Inondation,1
2013,17,Inondation,6
2013,28,Inondation,1
2013,16,Inondation,7
2013,86,Inondation,5
2013,37,Inondation,3
2013,60,Inondation,5
2013,80,Inondation,7
2013,93,Inondation,1
2013,02,Inondation,3
2013,51,Inondation,3
2013,72,Inondation,2
2013,62,Inondation,5
2013,49,Inondation,2
2013,27,Inondation,1
2013,95,Inondation,1
2013,14,Inondation,1
2013,44,Inondation,5
2013,53,Inondation,3
2013,61,Inondation,3
2013,76,Inondation,5
2014,01,Gel,122
2014,03,Gel,97
2014,04,Gel,221
2014,05,Gel,274
2014,06,Gel,202
2014,07,Inondation,43
2014,09,Gel,178
2014,11,Gel,77
2014,15,Gel,146
2014,22,Inondation,6
2014,25,Gel,153
2014,26,Gel,151
2014,29,Inondation,10
2014,2A,Gel,170
2014,2B,Gel,118
2014,30,Gel,127
2014,31,Gel,183
2014,38,Gel,268
2014,39,Gel,151
2014,43,Gel,150
2014,48,Gel,164
2014,52,Gel,92
2014,56,Inondation,10
2014,57,Gel,84
2014,63,Gel,162
2014,64,Gel,161
2014,65,Gel,232
2014,66,Gel,186
2014,68,Gel,116
2014,69,Gel,87
2014,70,Gel,119
2014,73,Gel,275
2014,74,Gel,354
2014,83,Gel,58
2014,84,Gel,123
2014,90,Gel,111
2014,07,Gel,129
2014,42,Gel,135
2014,71,Gel,86
2014,01,Inondation,17
2014,05,Inondation,10
2014,06,Inondation,27
2014,26,Inondation,33
2014,2A,Inondation,33
2014,30,Inondation,42
2014,38,Inondation,33
2014,39,Inondation,15
2014,48,Inondation,35
2014,73,Inondation,23
2014,74,Inondation,12
2014,83,Inondation,37
2014,84,Inondation,27
2014,02,Gel,45
2014,12,Gel,108
2014,19,Gel,104
2014,34,Gel,75
2014,67,Gel,104
2014,80,Gel,27
2014,81,Gel,70
2014,13,Gel,43
2014,88,Gel,96
2014,14,Gel,30
2014,22,Gel,22
2014,29,Gel,15
2014,51,Gel,71
2014,56,Gel,38
2014,58,Gel,98
2014,78,Gel,37
2014,89,Gel,58
2014,10,Gel,59
2014,21,Gel,75
2014,54,Gel,71
2014,55,Gel,62
2014,08,Gel,70
2014,23,Gel,94
2014,24,Gel,35
2014,27,Gel,43
2014,28,Gel,61
2014,50,Gel,23
2014,59,Gel,37
2014,60,Gel,39
2014,61,Gel,42
2014,62,Gel,32
2014,72,Gel,34
2014,75,Gel,19
2014,76,Gel,25
2014,77,Gel,58
2014,82,Gel,34
2014,87,Gel,59
2014,91,Gel,32
2014,95,Gel,18
2014,37,Gel,28
2014,44,Gel,20
2014,49,Gel,26
2014,85,Gel,25
2014,16,Gel,37
2014,17,Gel,34
2014,18,Gel,52
2014,33,Gel,29
2014,36,Gel,42
2014,41,Gel,48
2014,45,Gel,41
2014,46,Gel,49
2014,79,Gel,34
2014,86,Gel,26
2014,04,Inondation,18
2014,13,Inondation,18
2014,32,Gel,32
2014,40,Gel,32
2014,47,Gel,26
2014,42,Inondation,18
2014,43,Inondation,20
2014,35,Gel,17
2014,40,Inondation,12
2014,53,Gel,42
2014,64,Inondation,33
2014,09,Inondation,12
2014,65,Inondation,21
2014,11,Inondation,18
2014,31,Inondation,12
2014,32,Inondation,8
2014,33,Inondation,6
2014,66,Inondation,13
2014,81,Inondation,19
2014,14,Inondation,5
2014,50,Inondation,7
2014,92,Gel,9
2014,93,Gel,19
2014,94,Gel,11
2014,2B,Inondation,21
2014,85,Inondation,5
2014,25,Inondation,14
2014,68,Inondation,11
2014,70,Inondation,10
2014,88,Inondation,7
2014,15,Inondation,18
2014,40,Sécheresse,142
2014,64,Sécheresse,130
2014,34,Sécheresse,172
2014,66,Sécheresse,155
2014,13,Sécheresse,151
2014,26,Sécheresse,152
2014,30,Sécheresse,165
2014,83,Sécheresse,174
2014,04,Sécheresse,143
2014,05,Sécheresse,110
2014,07,Sécheresse,152
2014,11,Sécheresse,164
2014,15,Sécheresse,103
2014,46,Sécheresse,128
2014,48,Sécheresse,104
2014,65,Sécheresse,122
2014,82,Sécheresse,135
2014,84,Sécheresse,154
2014,38,Sécheresse,115
2014,42,Sécheresse,104
2014,43,Sécheresse,87
2014,74,Sécheresse,78
2014,03,Sécheresse,87
2014,18,Sécheresse,94
2014,58,Sécheresse,89
2014,09,Sécheresse,133
2014,36,Sécheresse,93
2014,67,Sécheresse,84
2014,16,Inondation,5
2014,24,Inondation,5
2014,34,Inondation,29
2014,47,Inondation,3
2014,01,Sécheresse,98
2014,12,Sécheresse,113
2014,16,Sécheresse,106
2014,19,Sécheresse,103
2014,24,Sécheresse,117
2014,25,Sécheresse,80
2014,31,Sécheresse,116
2014,32,Sécheresse,128
2014,33,Sécheresse,121
2014,41,Sécheresse,74
2014,45,Sécheresse,76
2014,47,Sécheresse,123
2014,63,Sécheresse,67
2014,69,Sécheresse,109
2014,71,Sécheresse,90
2014,73,Sécheresse,92
2014,81,Sécheresse,125
2014,87,Sécheresse,80
2014,68,Sécheresse,74
2014,17,Sécheresse,92
2014,06,Sécheresse,144
2014,23,Inondation,7
2014,28,Inondation,2
2014,2A,Sécheresse,158
2014,2B,Sécheresse,159
2014,41,Inondation,5
2014,57,Sécheresse,65
2014,61,Inondation,6
2014,45,Inondation,5
2014,77,Inondation,3
2014,23,Sécheresse,57
2014,39,Sécheresse,77
2014,79,Sécheresse,85
2014,89,Sécheresse,76
2014,27,Sécheresse,63
2014,29,Sécheresse,57
2014,08,Sécheresse,63
2014,10,Sécheresse,67
2014,14,Sécheresse,36
2014,22,Sécheresse,56
2014,35,Sécheresse,53
2014,37,Sécheresse,79
2014,44,Sécheresse,74
2014,49,Sécheresse,71
2014,51,Sécheresse,61
2014,53,Sécheresse,61
2014,56,Sécheresse,69
2014,59,Sécheresse,36
2014,60,Sécheresse,53
2014,62,Sécheresse,30
2014,70,Sécheresse,79
2014,72,Sécheresse,64
2014,75,Sécheresse,67
2014,76,Sécheresse,50
2014,77,Sécheresse,69
2014,78,Sécheresse,63
2014,85,Sécheresse,77
2014,86,Sécheresse,86
2014,88,Sécheresse,69
2014,91,Sécheresse,52
2014,92,Sécheresse,60
2014,93,Sécheresse,48
2014,94,Sécheresse,63
2014,95,Sécheresse,68
2014,02,Sécheresse,39
2014,17,Inondation,3
2014,21,Sécheresse,67
2014,28,Sécheresse,67
2014,49,Inondation,6
2014,50,Sécheresse,35
2014,52,Sécheresse,67
2014,54,Sécheresse,58
2014,55,Sécheresse,54
2014,79,Inondation,7
2014,80,Sécheresse,38
2014,36,Inondation,9
2014,86,Inondation,4
2014,87,Inondation,9
2014,90,Sécheresse,56
2014,19,Inondation,8
2014,27,Inondation,4
2014,37,Inondation,2
2014,46,Inondation,6
2014,76,Inondation,4
2014,78,Inondation,4
2014,03,Inondation,13
2014,58,Inondation,8
2014,63,Inondation,19
2014,69,Inondation,12
2014,61,Sécheresse,40
2014,60,Inondation,4
2014,12,Inondation,18
2014,52,Inondation,4
2014,57,Inondation,5
2014,71,Inondation,13
2014,35,Inondation,4
2014,21,Inondation,5
2014,67,Inondation,7
2014,10,Inondation,6
2014,62,Inondation,2
2014,80,Inondation,3
2014,54,Inondation,5
2014,53,Inondation,4
2014,72,Inondation,5
2014,82,Inondation,4
2014,59,Inondation,2
2014,55,Inondation,3
2014,91,Inondation,1
2014,44,Inondation,4
2014,51,Inondation,2
2014,18,Inondation,4
2014,89,Inondation,3
2014,08,Inondation,2
2014,90,Inondation,1
2015,01,Gel,151
2015,02,Gel,66
2015,03,Gel,118
2015,04,Gel,228
2015,05,Gel,270
2015,06,Gel,202
2015,07,Gel,142
2015,08,Gel,101
2015,09,Gel,173
2015,10,Gel,89
2015,11,Gel,101
2015,12,Gel,135
2015,13,Gel,62
2015,14,Gel,50
2015,15,Gel,162
2015,16,Gel,66
2015,17,Gel,64
2015,18,Gel,88
2015,19,Gel,129
2015,21,Gel,107
2015,22,Gel,40
2015,23,Gel,128
2015,24,Gel,73
2015,25,Gel,184
2015,26,Gel,167
2015,27,Gel,64
2015,28,Gel,79
2015,2A,Gel,155
2015,2B,Gel,140
2015,30,Gel,123
2015,31,Gel,175
2015,32,Gel,60
2015,33,Gel,58
2015,34,Gel,88
2015,35,Gel,35
2015,36,Gel,76
2015,37,Gel,57
2015,38,Gel,263
2015,39,Gel,189
2015,40,Gel,59
2015,41,Gel,79
2015,42,Gel,151
2015,43,Gel,173
2015,44,Gel,41
2015,45,Gel,75
2015,46,Gel,77
2015,47,Gel,57
2015,48,Gel,159
2015,49,Gel,49
2015,50,Gel,38
2015,51,Gel,104
2015,52,Gel,120
2015,53,Gel,58
2015,54,Gel,101
2015,55,Gel,93
2015,56,Gel,60
2015,57,Gel,115
2015,58,Gel,133
2015,59,Gel,59
2015,60,Gel,58
2015,61,Gel,60
2015,62,Gel,47
2015,63,Gel,172
2015,64,Gel,146
2015,65,Gel,230
2015,66,Gel,178
2015,67,Gel,126
2015,68,Gel,132
2015,69,Gel,115
2015,70,Gel,138
2015,71,Gel,122
2015,72,Gel,58
2015,73,Gel,276
2015,74,Gel,255
2015,75,Gel,39
2015,76,Gel,59
2015,77,Gel,75
2015,78,Gel,58
2015,79,Gel,63
2015,80,Gel,50
2015,81,Gel,93
2015,82,Gel,66
2015,83,Gel,84
2015,84,Gel,130
2015,85,Gel,46
2015,86,Gel,61
2015,87,Gel,87
2015,88,Gel,125
2015,89,Gel,93
2015,90,Gel,126
2015,91,Gel,61
2015,92,Gel,22
2015,93,Gel,40
2015,94,Gel,30
2015,95,Gel,45
2015,01,Inondation,17
2015,39,Inondation,13
2015,58,Inondation,11
2015,68,Inondation,11
2015,70,Inondation,12
2015,74,Inondation,23
2015,88,Inondation,10
2015,29,Gel,36
2015,62,Inondation,4
2015,29,Inondation,6
2015,50,Inondation,2
2015,56,Inondation,5
2015,04,Inondation,13
2015,05,Inondation,13
2015,06,Inondation,17
2015,07,Inondation,21
2015,25,Inondation,11
2015,26,Inondation,18
2015,38,Inondation,24
2015,42,Inondation,12
2015,43,Inondation,7
2015,69,Inondation,7
2015,71,Inondation,11
2015,73,Inondation,18
2015,84,Inondation,17
2015,30,Inondation,20
2015,13,Inondation,10
2015,64,Inondation,27
2015,83,Inondation,20
2015,09,Inondation,15
2015,11,Inondation,17
2015,15,Inondation,17
2015,19,Inondation,11
2015,23,Inondation,7
2015,24,Inondation,5
2015,2A,Inondation,25
2015,34,Inondation,18
2015,46,Inondation,8
2015,48,Inondation,17
2015,63,Inondation,15
2015,65,Inondation,19
2015,66,Inondation,14
2015,81,Inondation,14
2015,87,Inondation,10
2015,31,Inondation,16
2015,2B,Inondation,19
2015,12,Inondation,12
2015,11,Sécheresse,149
2015,34,Sécheresse,163
2015,46,Sécheresse,130
2015,66,Sécheresse,151
2015,48,Sécheresse,114
2015,21,Inondation,7
2015,55,Inondation,4
2015,67,Inondation,3
2015,90,Inondation,8
2015,06,Sécheresse,145
2015,2A,Sécheresse,160
2015,83,Sécheresse,165
2015,03,Sécheresse,95
2015,16,Sécheresse,104
2015,24,Sécheresse,113
2015,36,Sécheresse,105
2015,40,Sécheresse,138
2015,42,Sécheresse,112
2015,68,Sécheresse,83
2015,71,Sécheresse,101
2015,76,Sécheresse,54
2015,07,Sécheresse,141
2015,30,Sécheresse,151
2015,09,Sécheresse,119
2015,12,Sécheresse,114
2015,15,Sécheresse,107
2015,26,Sécheresse,146
2015,32,Sécheresse,116
2015,33,Sécheresse,119
2015,38,Sécheresse,123
2015,47,Sécheresse,116
2015,64,Sécheresse,124
2015,65,Sécheresse,101
2015,81,Sécheresse,118
2015,82,Sécheresse,125
2015,04,Sécheresse,141
2015,05,Sécheresse,114
2015,13,Sécheresse,142
2015,17,Sécheresse,94
2015,18,Sécheresse,94
2015,19,Sécheresse,101
2015,31,Sécheresse,106
2015,49,Sécheresse,71
2015,56,Sécheresse,55
2015,69,Sécheresse,116
2015,73,Sécheresse,103
2015,74,Sécheresse,96
2015,79,Sécheresse,81
2015,84,Sécheresse,147
2015,85,Sécheresse,71
2015,87,Sécheresse,82
2015,01,Sécheresse,107
2015,08,Sécheresse,66
2015,10,Sécheresse,75
2015,14,Sécheresse,46
2015,21,Sécheresse,78
2015,22,Sécheresse,50
2015,23,Sécheresse,73
2015,25,Sécheresse,86
2015,27,Sécheresse,67
2015,28,Sécheresse,67
2015,29,Sécheresse,35
2015,2B,Sécheresse,150
2015,35,Sécheresse,53
2015,37,Sécheresse,74
2015,39,Sécheresse,88
2015,41,Sécheresse,78
2015,43,Sécheresse,100
2015,44,Sécheresse,65
2015,45,Sécheresse,78
2015,51,Sécheresse,69
2015,52,Sécheresse,77
2015,53,Sécheresse,60
2015,58,Sécheresse,90
2015,60,Sécheresse,60
2015,61,Sécheresse,55
2015,63,Sécheresse,83
2015,72,Sécheresse,66
2015,75,Sécheresse,65
2015,77,Sécheresse,70
2015,78,Sécheresse,66
2015,86,Sécheresse,79
2015,88,Sécheresse,77
2015,89,Sécheresse,85
2015,91,Sécheresse,62
2015,92,Sécheresse,69
2015,93,Sécheresse,61
2015,94,Sécheresse,71
2015,95,Sécheresse,61
2015,02,Sécheresse,52
2015,50,Sécheresse,34
2015,54,Sécheresse,64
2015,55,Sécheresse,61
2015,57,Sécheresse,67
2015,59,Sécheresse,44
2015,62,Sécheresse,43
2015,67,Sécheresse,77
2015,70,Sécheresse,89
2015,80,Sécheresse,46
2015,90,Sécheresse,64
2015,54,Inondation,3
2015,89,Inondation,5
2015,40,Inondation,8
2015,47,Inondation,6
2015,03,Inondation,6
2015,10,Inondation,4
2015,36,Inondation,4
2015,37,Inondation,6
2015,41,Inondation,5
2015,45,Inondation,7
2015,82,Inondation,7
2015,16,Inondation,6
2015,17,Inondation,7
2015,44,Inondation,1
2015,49,Inondation,2
2015,79,Inondation,5
2015,85,Inondation,3
2015,52,Inondation,4
2015,02,Inondation,3
2015,59,Inondation,3
2015,80,Inondation,2
2015,32,Inondation,5
2015,33,Inondation,1
2015,18,Inondation,4
2015,35,Inondation,1
2015,08,Inondation,4
2015,86,Inondation,3
2015,53,Inondation,1
2015,14,Inondation,1
2015,61,Inondation,2
2015,76,Inondation,1
2015,78,Inondation,2
2015,27,Inondation,1
2015,28,Inondation,2
2015,91,Inondation,2
2015,51,Inondation,1
2015,72,Inondation,1
2015,57,Inondation,1
2015,77,Inondation,1
2016,01,Gel,159
2016,03,Gel,132
2016,04,Gel,246
2016,05,Gel,280
2016,06,Gel,211
2016,07,Gel,167
2016,08,Gel,103
2016,09,Gel,203
2016,10,Gel,99
2016,15,Gel,175
2016,18,Gel,99
2016,19,Gel,131
2016,21,Gel,109
2016,23,Gel,128
2016,25,Gel,175
2016,26,Gel,173
2016,27,Gel,86
2016,2A,Gel,169
2016,2B,Gel,137
2016,31,Gel,204
2016,36,Gel,93
2016,38,Gel,275
2016,39,Gel,177
2016,40,Gel,70
2016,41,Gel,91
2016,42,Gel,163
2016,43,Gel,177
2016,45,Gel,84
2016,48,Gel,178
2016,51,Gel,102
2016,52,Gel,116
2016,54,Gel,106
2016,55,Gel,99
2016,56,Gel,63
2016,57,Gel,113
2016,58,Gel,122
2016,60,Gel,78
2016,62,Gel,55
2016,63,Gel,190
2016,64,Gel,178
2016,65,Gel,248
2016,66,Gel,212
2016,67,Gel,149
2016,68,Gel,149
2016,69,Gel,115
2016,70,Gel,155
2016,71,Gel,117
2016,73,Gel,277
2016,74,Gel,342
2016,76,Gel,71
2016,84,Gel,130
2016,87,Gel,106
2016,88,Gel,128
2016,89,Gel,103
2016,90,Gel,145
2016,2A,Inondation,29
2016,30,Gel,147
2016,11,Gel,82
2016,15,Inondation,22
2016,48,Inondation,22
2016,56,Inondation,7
2016,64,Inondation,25
2016,71,Inondation,14
2016,12,Inondation,18
2016,33,Inondation,4
2016,40,Inondation,15
2016,12,Gel,149
2016,13,Gel,67
2016,16,Inondation,4
2016,17,Inondation,4
2016,19,Inondation,10
2016,24,Inondation,3
2016,29,Inondation,5
2016,81,Gel,86
2016,81,Inondation,19
2016,83,Gel,90
2016,85,Inondation,3
2016,38,Inondation,24
2016,73,Inondation,21
2016,74,Inondation,20
2016,01,Inondation,21
2016,02,Gel,69
2016,25,Inondation,14
2016,28,Gel,87
2016,39,Inondation,16
2016,50,Gel,67
2016,61,Gel,87
2016,72,Gel,78
2016,77,Gel,88
2016,78,Gel,73
2016,91,Gel,73
2016,95,Gel,59
2016,63,Inondation,18
2016,65,Inondation,10
2016,68,Inondation,15
2016,88,Inondation,17
2016,70,Inondation,13
2016,34,Gel,82
2016,16,Gel,73
2016,17,Gel,65
2016,22,Gel,56
2016,24,Gel,74
2016,35,Gel,54
2016,37,Gel,80
2016,44,Gel,48
2016,46,Gel,71
2016,49,Gel,61
2016,53,Gel,81
2016,79,Gel,71
2016,85,Gel,52
2016,86,Gel,72
2016,14,Gel,70
2016,29,Gel,47
2016,33,Gel,58
2016,47,Gel,58
2016,82,Gel,57
2016,32,Gel,49
2016,59,Gel,63
2016,75,Gel,49
2016,80,Gel,62
2016,92,Gel,25
2016,93,Gel,46
2016,94,Gel,44
2016,32,Inondation,2
2016,64,Sécheresse,126
2016,21,Inondation,7
2016,58,Inondation,7
2016,67,Inondation,5
2016,89,Inondation,6
2016,90,Inondation,7
2016,66,Sécheresse,140
2016,07,Inondation,32
2016,30,Inondation,28
2016,34,Inondation,21
2016,04,Inondation,13
2016,05,Inondation,13
2016,06,Inondation,25
2016,26,Inondation,17
2016,83,Inondation,14
2016,84,Inondation,14
2016,11,Inondation,10
2016,2B,Inondation,16
2016,43,Inondation,12
2016,45,Inondation,4
2016,76,Inondation,5
2016,09,Inondation,7
2016,31,Inondation,5
2016,13,Inondation,7
2016,66,Inondation,7
2016,50,Inondation,3
2016,63,Sécheresse,78
2016,40,Sécheresse,122
2016,81,Sécheresse,116
2016,22,Inondation,1
2016,2A,Sécheresse,160
2016,2B,Sécheresse,142
2016,38,Sécheresse,112
2016,73,Sécheresse,100
2016,23,Inondation,5
2016,06,Sécheresse,133
2016,83,Sécheresse,156
2016,24,Sécheresse,104
2016,68,Sécheresse,90
2016,84,Sécheresse,136
2016,09,Sécheresse,111
2016,32,Sécheresse,110
2016,65,Sécheresse,100
2016,82,Sécheresse,115
2016,26,Sécheresse,129
2016,42,Inondation,10
2016,34,Sécheresse,140
2016,04,Sécheresse,124
2016,05,Sécheresse,110
2016,07,Sécheresse,118
2016,13,Sécheresse,133
2016,16,Sécheresse,99
2016,19,Sécheresse,98
2016,30,Sécheresse,140
2016,87,Sécheresse,89
2016,08,Sécheresse,80
2016,18,Sécheresse,96
2016,25,Sécheresse,85
2016,58,Sécheresse,88
2016,11,Sécheresse,128
2016,47,Sécheresse,109
2016,12,Sécheresse,99
2016,15,Sécheresse,96
2016,17,Sécheresse,90
2016,29,Sécheresse,39
2016,31,Sécheresse,97
2016,33,Sécheresse,109
2016,37,Sécheresse,84
2016,42,Sécheresse,102
2016,43,Sécheresse,89
2016,44,Sécheresse,67
2016,46,Sécheresse,106
2016,56,Sécheresse,60
2016,69,Sécheresse,107
2016,79,Sécheresse,83
2016,85,Sécheresse,74
2016,86,Sécheresse,79
2016,01,Sécheresse,101
2016,03,Sécheresse,94
2016,10,Sécheresse,79
2016,27,Sécheresse,68
2016,28,Sécheresse,71
2016,39,Sécheresse,86
2016,41,Sécheresse,78
2016,45,Sécheresse,84
2016,51,Sécheresse,77
2016,55,Sécheresse,61
2016,57,Sécheresse,73
2016,59,Sécheresse,50
2016,60,Sécheresse,61
2016,67,Sécheresse,88
2016,70,Sécheresse,87
2016,71,Sécheresse,94
2016,74,Sécheresse,90
2016,75,Sécheresse,68
2016,76,Sécheresse,57
2016,77,Sécheresse,74
2016,78,Sécheresse,76
2016,88,Sécheresse,74
2016,89,Sécheresse,82
2016,91,Sécheresse,61
2016,92,Sécheresse,67
2016,93,Sécheresse,60
2016,94,Sécheresse,75
2016,95,Sécheresse,60
2016,36,Sécheresse,88
2016,49,Sécheresse,74
2016,52,Sécheresse,75
2016,54,Sécheresse,67
2016,62,Sécheresse,45
2016,72,Sécheresse,77
2016,02,Sécheresse,53
2016,21,Sécheresse,78
2016,80,Sécheresse,45
2016,90,Sécheresse,77
2016,02,Inondation,5
2016,03,Inondation,5
2016,49,Inondation,2
2016,51,Inondation,5
2016,94,Inondation,3
2016,48,Sécheresse,98
2016,23,Sécheresse,70
2016,87,Inondation,7
2016,08,Inondation,3
2016,18,Inondation,3
2016,27,Inondation,2
2016,28,Inondation,4
2016,36,Inondation,6
2016,46,Inondation,6
2016,77,Inondation,3
2016,78,Inondation,2
2016,95,Inondation,2
2016,14,Sécheresse,47
2016,53,Sécheresse,65
2016,61,Sécheresse,55
2016,10,Inondation,4
2016,41,Inondation,3
2016,72,Inondation,1
2016,91,Inondation,3
2016,37,Inondation,2
2016,44,Inondation,1
2016,79,Inondation,1
2016,86,Inondation,2
2016,52,Inondation,6
2016,54,Inondation,1
2016,55,Inondation,2
2016,57,Inondation,3
2016,59,Inondation,7
2016,60,Inondation,2
2016,62,Inondation,7
2016,75,Inondation,1
2016,80,Inondation,1
2016,92,Inondation,1
2016,93,Inondation,1
2016,22,Sécheresse,60
2016,35,Sécheresse,59
2016,50,Sécheresse,36
2016,14,Inondation,2
2016,47,Inondation,1
2016,69,Inondation,4
2016,82,Inondation,1
2017,01,Gel,156
2017,02,Gel,64
2017,03,Gel,125
2017,04,Gel,241
2017,05,Gel,257
2017,06,Gel,203
2017,07,Gel,163
2017,08,Gel,109
2017,09,Gel,183
2017,10,Gel,94
2017,11,Gel,100
2017,12,Gel,150
2017,13,Gel,78
2017,14,Gel,57
2017,15,Gel,174
2017,16,Gel,73
2017,17,Gel,68
2017,18,Gel,88
2017,19,Gel,135
2017,21,Gel,109
2017,22,Gel,53
2017,23,Gel,122
2017,24,Gel,78
2017,25,Gel,179
2017,26,Gel,189
2017,27,Gel,66
2017,28,Gel,77
2017,2A,Gel,165
2017,2B,Gel,126
2017,30,Gel,143
2017,31,Gel,189
2017,32,Gel,79
2017,33,Gel,74
2017,34,Gel,98
2017,35,Gel,56
2017,36,Gel,84
2017,37,Gel,65
2017,38,Gel,253
2017,39,Gel,183
2017,40,Gel,76
2017,41,Gel,83
2017,42,Gel,154
2017,43,Gel,175
2017,44,Gel,54
2017,45,Gel,75
2017,46,Gel,76
2017,48,Gel,175
2017,49,Gel,55
2017,50,Gel,55
2017,51,Gel,110
2017,52,Gel,112
2017,53,Gel,75
2017,54,Gel,100
2017,55,Gel,97
2017,56,Gel,58
2017,57,Gel,109
2017,58,Gel,118
2017,59,Gel,64
2017,60,Gel,68
2017,61,Gel,70
2017,62,Gel,53
2017,63,Gel,175
2017,64,Gel,165
2017,65,Gel,232
2017,66,Gel,193
2017,67,Gel,138
2017,68,Gel,144
2017,69,Gel,121
2017,70,Gel,142
2017,71,Gel,118
2017,72,Gel,68
2017,73,Gel,272
2017,74,Gel,339
2017,75,Gel,50
2017,76,Gel,66
2017,77,Gel,79
2017,78,Gel,61
2017,79,Gel,61
2017,80,Gel,56
2017,81,Gel,110
2017,82,Gel,80
2017,83,Gel,99
2017,84,Gel,125
2017,85,Gel,59
2017,86,Gel,59
2017,87,Gel,86
2017,88,Gel,133
2017,89,Gel,92
2017,90,Gel,141
2017,91,Gel,62
2017,92,Gel,28
2017,93,Gel,44
2017,94,Gel,35
2017,95,Gel,47
2017,29,Gel,41
2017,47,Gel,77
2017,31,Inondation,10
2017,64,Inondation,26
2017,65,Inondation,14
2017,73,Inondation,18
2017,09,Inondation,14
2017,2B,Inondation,14
2017,66,Inondation,12
2017,2A,Inondation,20
2017,07,Inondation,18
2017,30,Inondation,13
2017,34,Inondation,14
2017,48,Inondation,19
2017,83,Inondation,7
2017,11,Inondation,7
2017,12,Inondation,13
2017,81,Inondation,13
2017,58,Inondation,6
2017,15,Inondation,14
2017,32,Inondation,6
2017,40,Inondation,12
2017,68,Inondation,12
2017,01,Inondation,16
2017,26,Inondation,10
2017,38,Inondation,18
2017,74,Inondation,12
2017,70,Inondation,13
2017,06,Inondation,9
2017,88,Inondation,11
2017,90,Inondation,10
2017,46,Inondation,5
2017,82,Inondation,6
2017,13,Inondation,4
2017,05,Inondation,9
2017,39,Inondation,12
2017,66,Sécheresse,172
2017,71,Inondation,8
2017,34,Sécheresse,167
2017,09,Sécheresse,129
2017,30,Sécheresse,170
2017,40,Sécheresse,143
2017,64,Sécheresse,126
2017,83,Sécheresse,180
2017,12,Sécheresse,113
2017,15,Sécheresse,110
2017,16,Sécheresse,99
2017,19,Sécheresse,106
2017,24,Sécheresse,113
2017,31,Sécheresse,113
2017,33,Sécheresse,123
2017,43,Sécheresse,112
2017,46,Sécheresse,115
2017,65,Sécheresse,115
2017,81,Sécheresse,121
2017,82,Sécheresse,125
2017,48,Sécheresse,130
2017,07,Sécheresse,156
2017,11,Sécheresse,154
2017,26,Sécheresse,157
2017,69,Sécheresse,120
2017,04,Inondation,6
2017,42,Inondation,6
2017,43,Inondation,7
2017,84,Inondation,6
2017,2A,Sécheresse,170
2017,2B,Sécheresse,148
2017,32,Sécheresse,120
2017,47,Sécheresse,125
2017,01,Sécheresse,117
2017,03,Sécheresse,109
2017,06,Sécheresse,152
2017,08,Sécheresse,80
2017,10,Sécheresse,91
2017,17,Sécheresse,94
2017,18,Sécheresse,103
2017,23,Sécheresse,72
2017,36,Sécheresse,103
2017,37,Sécheresse,97
2017,38,Sécheresse,129
2017,39,Sécheresse,105
2017,45,Sécheresse,92
2017,70,Sécheresse,98
2017,71,Sécheresse,108
2017,72,Sécheresse,76
2017,76,Sécheresse,70
2017,79,Sécheresse,89
2017,84,Sécheresse,156
2017,87,Sécheresse,87
2017,92,Sécheresse,74
2017,67,Sécheresse,91
2017,68,Sécheresse,94
2017,04,Sécheresse,156
2017,05,Sécheresse,135
2017,29,Sécheresse,43
2017,41,Sécheresse,90
2017,44,Sécheresse,76
2017,49,Sécheresse,87
2017,56,Sécheresse,65
2017,73,Sécheresse,104
2017,78,Sécheresse,88
2017,85,Sécheresse,88
2017,86,Sécheresse,87
2017,02,Sécheresse,61
2017,14,Sécheresse,51
2017,21,Sécheresse,97
2017,22,Sécheresse,53
2017,25,Sécheresse,95
2017,27,Sécheresse,73
2017,28,Sécheresse,75
2017,35,Sécheresse,57
2017,42,Sécheresse,110
2017,50,Sécheresse,41
2017,51,Sécheresse,79
2017,52,Sécheresse,82
2017,53,Sécheresse,67
2017,55,Sécheresse,70
2017,57,Sécheresse,77
2017,58,Sécheresse,92
2017,59,Sécheresse,51
2017,60,Sécheresse,62
2017,61,Sécheresse,57
2017,63,Sécheresse,95
2017,74,Sécheresse,101
2017,75,Sécheresse,71
2017,77,Sécheresse,82
2017,80,Sécheresse,61
2017,88,Sécheresse,82
2017,89,Sécheresse,87
2017,90,Sécheresse,83
2017,91,Sécheresse,74
2017,93,Sécheresse,66
2017,94,Sécheresse,84
2017,95,Sécheresse,65
2017,13,Sécheresse,153
2017,25,Inondation,8
2017,63,Inondation,15
2017,69,Inondation,3
2017,50,Inondation,5
2017,02,Inondation,2
2017,60,Inondation,3
2017,21,Inondation,5
2017,54,Sécheresse,73
2017,62,Sécheresse,47
2017,47,Inondation,3
2017,62,Inondation,3
2017,76,Inondation,6
2017,80,Inondation,4
2017,22,Inondation,3
2017,56,Inondation,2
2017,19,Inondation,6
2017,23,Inondation,8
2017,87,Inondation,7
2017,03,Inondation,6
2017,24,Inondation,4
2017,57,Inondation,4
2017,10,Inondation,5
2017,67,Inondation,3
2017,89,Inondation,6
2017,08,Inondation,4
2017,14,Inondation,3
2017,33,Inondation,3
2017,44,Inondation,2
2017,49,Inondation,2
2017,52,Inondation,3
2017,55,Inondation,5
2017,77,Inondation,6
2017,16,Inondation,3
2017,17,Inondation,2
2017,79,Inondation,1
2017,36,Inondation,3
2017,86,Inondation,2
2017,41,Inondation,2
2017,72,Inondation,2
2017,75,Inondation,1
2017,93,Inondation,1
2017,45,Inondation,2
2017,18,Inondation,2
2017,51,Inondation,4
2017,29,Inondation,2
2017,61,Inondation,1
2017,91,Inondation,4
2017,28,Inondation,2
2017,59,Inondation,1
2017,78,Inondation,2
2017,27,Inondation,1
2017,54,Inondation,1
2017,92,Inondation,1
2017,94,Inondation,1
2018,01,Gel,118
2018,01,Inondation,21
2018,04,Gel,198
2018,05,Gel,248
2018,06,Gel,174
2018,07,Gel,128
2018,09,Gel,169
2018,11,Gel,89
2018,12,Gel,112
2018,15,Gel,141
2018,15,Inondation,16
2018,17,Inondation,5
2018,25,Gel,152
2018,26,Gel,129
2018,2A,Gel,161
2018,2B,Gel,134
2018,2B,Inondation,26
2018,30,Gel,134
2018,31,Gel,177
2018,33,Inondation,7
2018,38,Gel,224
2018,39,Gel,146
2018,42,Gel,124
2018,43,Gel,140
2018,48,Gel,150
2018,63,Gel,151
2018,64,Gel,163
2018,65,Gel,221
2018,66,Gel,176
2018,67,Gel,124
2018,68,Gel,123
2018,68,Inondation,29
2018,70,Gel,124
2018,73,Gel,247
2018,73,Inondation,22
2018,74,Gel,345
2018,90,Gel,120
2018,03,Gel,90
2018,64,Inondation,30
2018,65,Inondation,21
2018,81,Inondation,26
2018,88,Inondation,15
2018,03,Inondation,9
2018,05,Inondation,20
2018,12,Inondation,22
2018,19,Inondation,12
2018,23,Inondation,12
2018,38,Inondation,22
2018,39,Inondation,18
2018,42,Inondation,10
2018,46,Inondation,13
2018,48,Inondation,41
2018,50,Inondation,6
2018,58,Inondation,12
2018,63,Inondation,17
2018,69,Inondation,8
2018,70,Inondation,17
2018,71,Inondation,20
2018,74,Inondation,19
2018,83,Gel,70
2018,84,Gel,97
2018,90,Inondation,10
2018,25,Inondation,19
2018,57,Inondation,6
2018,66,Sécheresse,151
2018,67,Inondation,11
2018,22,Gel,45
2018,29,Gel,42
2018,34,Inondation,43
2018,56,Gel,46
2018,11,Inondation,28
2018,30,Inondation,39
2018,31,Inondation,22
2018,66,Inondation,24
2018,04,Inondation,26
2018,06,Inondation,22
2018,07,Inondation,46
2018,13,Inondation,15
2018,26,Inondation,18
2018,2A,Inondation,40
2018,43,Inondation,22
2018,54,Gel,86
2018,83,Inondation,33
2018,84,Inondation,27
2018,88,Gel,105
2018,32,Gel,37
2018,40,Gel,43
2018,51,Gel,92
2018,59,Gel,61
2018,62,Gel,54
2018,19,Gel,93
2018,69,Gel,80
2018,81,Gel,77
2018,14,Gel,54
2018,21,Gel,80
2018,28,Gel,71
2018,34,Gel,65
2018,52,Gel,95
2018,71,Gel,81
2018,13,Gel,58
2018,16,Gel,55
2018,23,Gel,92
2018,24,Gel,55
2018,33,Gel,50
2018,35,Gel,44
2018,53,Gel,62
2018,57,Gel,93
2018,87,Gel,63
2018,02,Gel,61
2018,08,Gel,86
2018,10,Gel,73
2018,18,Gel,71
2018,27,Gel,62
2018,36,Gel,63
2018,40,Inondation,11
2018,41,Gel,68
2018,45,Gel,60
2018,46,Gel,56
2018,47,Gel,45
2018,55,Gel,84
2018,58,Gel,87
2018,60,Gel,65
2018,72,Gel,59
2018,76,Gel,59
2018,77,Gel,75
2018,78,Gel,62
2018,79,Gel,41
2018,82,Gel,40
2018,86,Gel,45
2018,89,Gel,74
2018,91,Gel,57
2018,93,Gel,44
2018,61,Gel,66
2018,75,Gel,48
2018,80,Gel,53
2018,95,Gel,48
2018,37,Gel,53
2018,49,Gel,45
2018,09,Inondation,19
2018,24,Inondation,11
2018,87,Inondation,10
2018,76,Inondation,5
2018,85,Gel,43
2018,17,Gel,41
2018,44,Gel,38
2018,50,Gel,47
2018,89,Inondation,3
2018,94,Gel,38
2018,92,Gel,34
2018,65,Sécheresse,120
2018,21,Inondation,8
2018,51,Inondation,5
2018,52,Inondation,9
2018,03,Sécheresse,133
2018,09,Sécheresse,128
2018,23,Sécheresse,99
2018,24,Sécheresse,138
2018,33,Sécheresse,140
2018,36,Sécheresse,145
2018,40,Sécheresse,142
2018,64,Sécheresse,130
2018,57,Sécheresse,113
2018,74,Sécheresse,138
2018,84,Sécheresse,163
2018,88,Sécheresse,122
2018,08,Sécheresse,118
2018,10,Sécheresse,122
2018,25,Sécheresse,129
2018,51,Sécheresse,117
2018,52,Sécheresse,120
2018,54,Sécheresse,108
2018,55,Sécheresse,103
2018,67,Sécheresse,122
2018,68,Sécheresse,129
2018,70,Sécheresse,136
2018,47,Inondation,6
2018,82,Inondation,9
2018,79,Inondation,6
2018,2A,Sécheresse,164
2018,05,Sécheresse,147
2018,07,Sécheresse,157
2018,30,Sécheresse,167
2018,34,Sécheresse,168
2018,83,Sécheresse,169
2018,26,Sécheresse,166
2018,01,Sécheresse,149
2018,04,Sécheresse,159
2018,06,Sécheresse,152
2018,11,Sécheresse,160
2018,12,Sécheresse,139
2018,13,Sécheresse,161
2018,15,Sécheresse,139
2018,18,Sécheresse,140
2018,19,Sécheresse,137
2018,32,Sécheresse,136
2018,38,Sécheresse,150
2018,39,Sécheresse,138
2018,46,Sécheresse,139
2018,47,Sécheresse,146
2018,48,Sécheresse,130
2018,69,Sécheresse,148
2018,73,Sécheresse,146
2018,81,Sécheresse,133
2018,82,Sécheresse,143
2018,87,Sécheresse,121
2018,02,Sécheresse,93
2018,14,Sécheresse,80
2018,16,Sécheresse,125
2018,17,Sécheresse,123
2018,21,Sécheresse,122
2018,22,Sécheresse,77
2018,27,Sécheresse,102
2018,28,Sécheresse,117
2018,29,Sécheresse,63
2018,31,Sécheresse,127
2018,35,Sécheresse,93
2018,37,Sécheresse,125
2018,41,Sécheresse,124
2018,42,Sécheresse,131
2018,43,Sécheresse,120
2018,44,Sécheresse,111
2018,45,Sécheresse,129
2018,49,Sécheresse,116
2018,50,Sécheresse,71
2018,53,Sécheresse,112
2018,56,Sécheresse,88
2018,58,Sécheresse,128
2018,59,Sécheresse,83
2018,60,Sécheresse,96
2018,61,Sécheresse,89
2018,62,Sécheresse,64
2018,63,Sécheresse,109
2018,71,Sécheresse,142
2018,72,Sécheresse,114
2018,75,Sécheresse,118
2018,76,Sécheresse,94
2018,77,Sécheresse,116
2018,78,Sécheresse,115
2018,79,Sécheresse,121
2018,80,Sécheresse,75
2018,85,Sécheresse,115
2018,86,Sécheresse,113
2018,89,Sécheresse,131
2018,90,Sécheresse,117
2018,91,Sécheresse,111
2018,92,Sécheresse,110
2018,93,Sécheresse,101
2018,94,Sécheresse,117
2018,95,Sécheresse,99
2018,2B,Sécheresse,150
2018,32,Inondation,13
2018,14,Inondation,4
2018,27,Inondation,7
2018,36,Inondation,3
2018,37,Inondation,5
2018,49,Inondation,6
2018,10,Inondation,6
2018,55,Inondation,6
2018,59,Inondation,3
2018,91,Inondation,2
2018,02,Inondation,4
2018,60,Inondation,4
2018,53,Inondation,7
2018,78,Inondation,3
2018,95,Inondation,3
2018,80,Inondation,2
2018,08,Inondation,5
2018,16,Inondation,2
2018,61,Inondation,8
2018,75,Inondation,2
2018,54,Inondation,3
2018,45,Inondation,6
2018,62,Inondation,2
2018,22,Inondation,3
2018,29,Inondation,8
2018,35,Inondation,8
2018,56,Inondation,10
2018,86,Inondation,4
2018,28,Inondation,3
2018,72,Inondation,3
2018,41,Inondation,2
2018,44,Inondation,5
2018,77,Inondation,4
2018,85,Inondation,4
2018,92,Inondation,1
2018,93,Inondation,1
2018,94,Inondation,1
2018,18,Inondation,1
2019,01,Gel,147
2019,03,Gel,121
2019,04,Gel,222
2019,05,Gel,266
2019,06,Gel,201
2019,07,Gel,161
2019,09,Gel,198
2019,11,Gel,95
2019,12,Gel,140
2019,13,Gel,81
2019,15,Gel,165
2019,19,Gel,117
2019,24,Gel,75
2019,25,Gel,165
2019,26,Gel,165
2019,2A,Gel,192
2019,2B,Gel,148
2019,30,Gel,161
2019,31,Gel,209
2019,32,Gel,47
2019,34,Gel,105
2019,38,Gel,248
2019,39,Gel,168
2019,42,Gel,153
2019,43,Gel,169
2019,46,Gel,87
2019,48,Gel,174
2019,51,Gel,97
2019,63,Gel,178
2019,64,Gel,186
2019,65,Gel,240
2019,66,Gel,208
2019,67,Gel,139
2019,68,Gel,141
2019,70,Gel,138
2019,73,Gel,262
2019,74,Gel,342
2019,81,Gel,107
2019,82,Gel,71
2019,83,Gel,114
2019,84,Gel,150
2019,88,Gel,117
2019,90,Gel,141
2019,08,Gel,97
2019,18,Gel,89
2019,23,Gel,110
2019,36,Gel,78
2019,54,Gel,92
2019,57,Gel,109
2019,58,Gel,106
2019,69,Gel,112
2019,87,Gel,92
2019,89,Gel,91
2019,10,Gel,87
2019,14,Gel,60
2019,16,Gel,57
2019,17,Gel,45
2019,21,Gel,108
2019,22,Gel,42
2019,27,Gel,66
2019,28,Gel,77
2019,29,Gel,29
2019,33,Gel,50
2019,35,Gel,42
2019,37,Gel,68
2019,40,Gel,54
2019,41,Gel,86
2019,44,Gel,39
2019,45,Gel,72
2019,47,Gel,52
2019,49,Gel,50
2019,50,Gel,57
2019,52,Gel,109
2019,53,Gel,65
2019,55,Gel,92
2019,56,Gel,50
2019,61,Gel,69
2019,71,Gel,104
2019,72,Gel,62
2019,77,Gel,79
2019,79,Gel,54
2019,85,Gel,48
2019,86,Gel,63
2019,91,Gel,60
2019,59,Gel,51
2019,60,Gel,66
2019,62,Gel,52
2019,76,Gel,55
2019,78,Gel,56
2019,80,Gel,49
2019,02,Gel,56
2019,75,Gel,42
2019,93,Gel,45
2019,95,Gel,43
2019,38,Inondation,35
2019,67,Inondation,3
2019,68,Inondation,16
2019,81,Inondation,10
2019,88,Inondation,9
2019,90,Inondation,8
2019,92,Gel,15
2019,94,Gel,34
2019,40,Inondation,15
2019,64,Inondation,33
2019,09,Inondation,10
2019,65,Inondation,17
2019,31,Inondation,6
2019,35,Inondation,3
2019,04,Inondation,25
2019,12,Inondation,16
2019,15,Inondation,22
2019,2A,Inondation,32
2019,32,Inondation,7
2019,48,Inondation,26
2019,82,Inondation,4
2019,05,Inondation,21
2019,06,Inondation,24
2019,26,Inondation,16
2019,2B,Inondation,24
2019,73,Inondation,24
2019,74,Inondation,21
2019,83,Inondation,18
2019,84,Inondation,13
2019,43,Inondation,12
2019,64,Sécheresse,121
2019,34,Sécheresse,149
2019,66,Sécheresse,142
2019,15,Sécheresse,108
2019,40,Sécheresse,130
2019,46,Sécheresse,110
2019,05,Sécheresse,130
2019,09,Sécheresse,111
2019,11,Sécheresse,134
2019,12,Sécheresse,111
2019,16,Sécheresse,92
2019,17,Sécheresse,94
2019,19,Sécheresse,100
2019,23,Sécheresse,88
2019,24,Sécheresse,107
2019,31,Sécheresse,109
2019,32,Sécheresse,109
2019,33,Sécheresse,108
2019,47,Sécheresse,110
2019,48,Sécheresse,112
2019,65,Sécheresse,108
2019,81,Sécheresse,111
2019,82,Sécheresse,121
2019,86,Sécheresse,90
2019,87,Sécheresse,91
2019,30,Sécheresse,152
2019,50,Inondation,4
2019,07,Inondation,22
2019,30,Inondation,22
2019,2B,Sécheresse,145
2019,01,Inondation,15
2019,25,Inondation,10
2019,39,Inondation,15
2019,42,Inondation,11
2019,58,Inondation,3
2019,59,Inondation,3
2019,63,Inondation,17
2019,69,Inondation,10
2019,70,Inondation,9
2019,71,Inondation,8
2019,04,Sécheresse,132
2019,07,Sécheresse,137
2019,83,Sécheresse,153
2019,13,Sécheresse,147
2019,26,Sécheresse,137
2019,84,Sécheresse,140
2019,13,Inondation,11
2019,11,Inondation,10
2019,34,Inondation,17
2019,66,Inondation,10
2019,03,Sécheresse,105
2019,08,Sécheresse,80
2019,18,Sécheresse,106
2019,25,Sécheresse,100
2019,36,Sécheresse,109
2019,37,Sécheresse,99
2019,39,Sécheresse,101
2019,41,Sécheresse,91
2019,42,Sécheresse,104
2019,44,Sécheresse,72
2019,45,Sécheresse,99
2019,49,Sécheresse,88
2019,58,Sécheresse,95
2019,63,Sécheresse,93
2019,71,Sécheresse,107
2019,77,Sécheresse,88
2019,79,Sécheresse,88
2019,85,Sécheresse,79
2019,01,Sécheresse,112
2019,02,Sécheresse,68
2019,10,Sécheresse,90
2019,14,Sécheresse,54
2019,21,Sécheresse,102
2019,22,Sécheresse,66
2019,27,Sécheresse,77
2019,28,Sécheresse,84
2019,29,Sécheresse,45
2019,35,Sécheresse,65
2019,38,Sécheresse,124
2019,43,Sécheresse,97
2019,50,Sécheresse,52
2019,51,Sécheresse,90
2019,52,Sécheresse,93
2019,53,Sécheresse,73
2019,56,Sécheresse,70
2019,57,Sécheresse,89
2019,60,Sécheresse,72
2019,61,Sécheresse,68
2019,67,Sécheresse,96
2019,69,Sécheresse,116
2019,70,Sécheresse,100
2019,72,Sécheresse,80
2019,73,Sécheresse,115
2019,74,Sécheresse,105
2019,75,Sécheresse,88
2019,76,Sécheresse,80
2019,78,Sécheresse,84
2019,80,Sécheresse,63
2019,88,Sécheresse,90
2019,89,Sécheresse,100
2019,91,Sécheresse,82
2019,93,Sécheresse,76
2019,94,Sécheresse,87
2019,95,Sécheresse,74
2019,54,Sécheresse,81
2019,59,Sécheresse,56
2019,62,Sécheresse,54
2019,68,Sécheresse,94
2019,2A,Sécheresse,157
2019,06,Sécheresse,135
2019,55,Sécheresse,80
2019,79,Inondation,7
2019,86,Inondation,6
2019,56,Inondation,8
2019,27,Inondation,1
2019,28,Inondation,1
2019,51,Inondation,1
2019,75,Inondation,1
2019,77,Inondation,3
2019,78,Inondation,1
2019,91,Inondation,1
2019,93,Inondation,1
2019,94,Inondation,1
2019,90,Sécheresse,81
2019,87,Inondation,7
2019,33,Inondation,8
2019,29,Inondation,2
2019,85,Inondation,2
2019,52,Inondation,2
2019,57,Inondation,1
2019,53,Inondation,3
2019,23,Inondation,7
2019,14,Inondation,2
2019,61,Inondation,2
2019,76,Inondation,7
2019,02,Inondation,1
2019,10,Inondation,2
2019,21,Inondation,3
2019,24,Inondation,4
2019,47,Inondation,2
2019,60,Inondation,1
2019,03,Inondation,2
2019,19,Inondation,9
2019,54,Inondation,1
2019,45,Inondation,1
2019,44,Inondation,1
2019,80,Inondation,1
2019,17,Inondation,4
2019,46,Inondation,5
2019,08,Inondation,1
2019,37,Inondation,1
2019,18,Inondation,1
2019,89,Inondation,1
2019,16,Inondation,1
2019,62,Inondation,2
2019,22,Inondation,1
2020,01,Gel,128
2020,02,Gel,46
2020,03,Gel,98
2020,04,Gel,216
2020,05,Gel,275
2020,06,Gel,186
2020,07,Gel,121
2020,08,Gel,71
2020,09,Gel,159
2020,10,Gel,66
2020,11,Gel,83
2020,12,Gel,114
2020,13,Gel,57
2020,15,Gel,138
2020,18,Gel,63
2020,19,Gel,108
2020,21,Gel,90
2020,23,Gel,97
2020,25,Gel,168
2020,26,Gel,158
2020,27,Gel,46
2020,28,Gel,61
2020,2A,Gel,119
2020,2B,Gel,127
2020,30,Gel,133
2020,31,Gel,175
2020,34,Gel,82
2020,36,Gel,56
2020,37,Gel,46
2020,38,Gel,251
2020,39,Gel,161
2020,41,Gel,59
2020,42,Gel,122
2020,43,Gel,144
2020,45,Gel,55
2020,46,Gel,71
2020,48,Gel,156
2020,51,Gel,79
2020,52,Gel,91
2020,53,Gel,52
2020,54,Gel,76
2020,55,Gel,75
2020,57,Gel,101
2020,58,Gel,80
2020,59,Gel,39
2020,60,Gel,56
2020,61,Gel,53
2020,62,Gel,44
2020,63,Gel,160
2020,65,Gel,241
2020,66,Gel,179
2020,67,Gel,127
2020,68,Gel,120
2020,69,Gel,89
2020,70,Gel,118
2020,71,Gel,85
2020,72,Gel,43
2020,73,Gel,270
2020,74,Gel,226
2020,75,Gel,28
2020,76,Gel,42
2020,77,Gel,65
2020,78,Gel,45
2020,80,Gel,50
2020,81,Gel,81
2020,83,Gel,137
2020,84,Gel,135
2020,87,Gel,64
2020,88,Gel,110
2020,89,Gel,69
2020,90,Gel,121
2020,91,Gel,43
2020,92,Gel,5
2020,93,Gel,27
2020,94,Gel,22
2020,95,Gel,29
2020,32,Gel,37
2020,40,Gel,48
2020,47,Gel,38
2020,64,Gel,150
2020,82,Gel,44
2020,14,Gel,41
2020,22,Gel,29
2020,29,Gel,17
2020,35,Gel,30
2020,44,Gel,31
2020,49,Gel,37
2020,50,Gel,42
2020,56,Gel,35
2020,16,Gel,36
2020,17,Gel,22
2020,24,Gel,52
2020,33,Gel,29
2020,79,Gel,53
2020,85,Gel,32
2020,86,Gel,39
2020,56,Inondation,10
2020,22,Inondation,7
2020,29,Inondation,13
2020,2A,Inondation,29
2020,11,Inondation,11
2020,66,Inondation,17
2020,09,Inondation,11
2020,31,Inondation,8
2020,12,Inondation,15
2020,30,Inondation,19
2020,34,Inondation,20
2020,81,Inondation,15
2020,2B,Inondation,18
2020,07,Inondation,24
2020,48,Inondation,22
2020,13,Inondation,6
2020,15,Inondation,23
2020,68,Inondation,17
2020,88,Inondation,9
2020,01,Inondation,14
2020,25,Inondation,10
2020,38,Inondation,22
2020,39,Inondation,10
2020,40,Sécheresse,135
2020,51,Inondation,2
2020,54,Inondation,2
2020,55,Inondation,3
2020,57,Inondation,4
2020,64,Sécheresse,130
2020,66,Sécheresse,138
2020,67,Inondation,5
2020,70,Inondation,13
2020,73,Inondation,17
2020,74,Inondation,17
2020,90,Inondation,9
2020,65,Sécheresse,113
2020,83,Sécheresse,147
2020,06,Sécheresse,135
2020,2A,Sécheresse,149
2020,2B,Sécheresse,144
2020,31,Sécheresse,118
2020,04,Sécheresse,135
2020,30,Sécheresse,151
2020,07,Sécheresse,139
2020,34,Sécheresse,143
2020,44,Inondation,6
2020,49,Inondation,6
2020,53,Inondation,4
2020,04,Inondation,10
2020,06,Inondation,17
2020,26,Inondation,12
2020,64,Inondation,29
2020,83,Inondation,13
2020,87,Inondation,7
2020,05,Inondation,11
2020,59,Inondation,4
2020,63,Inondation,15
2020,71,Inondation,7
2020,13,Sécheresse,144
2020,65,Inondation,12
2020,24,Sécheresse,123
2020,38,Sécheresse,139
2020,18,Sécheresse,117
2020,36,Sécheresse,123
2020,68,Sécheresse,110
2020,03,Sécheresse,118
2020,10,Sécheresse,104
2020,21,Sécheresse,109
2020,26,Sécheresse,141
2020,28,Sécheresse,96
2020,39,Sécheresse,118
2020,45,Sécheresse,109
2020,51,Sécheresse,104
2020,52,Sécheresse,104
2020,57,Sécheresse,92
2020,58,Sécheresse,105
2020,67,Sécheresse,109
2020,69,Sécheresse,131
2020,70,Sécheresse,112
2020,71,Sécheresse,121
2020,75,Sécheresse,99
2020,77,Sécheresse,106
2020,88,Sécheresse,93
2020,89,Sécheresse,116
2020,94,Sécheresse,107
2020,02,Sécheresse,90
2020,08,Sécheresse,91
2020,14,Sécheresse,63
2020,27,Sécheresse,84
2020,42,Sécheresse,117
2020,43,Sécheresse,102
2020,53,Sécheresse,94
2020,54,Sécheresse,94
2020,55,Sécheresse,95
2020,59,Sécheresse,63
2020,60,Sécheresse,88
2020,62,Sécheresse,54
2020,72,Sécheresse,93
2020,73,Sécheresse,124
2020,76,Sécheresse,90
2020,78,Sécheresse,94
2020,80,Sécheresse,75
2020,85,Sécheresse,96
2020,91,Sécheresse,87
2020,92,Sécheresse,85
2020,93,Sécheresse,83
2020,95,Sécheresse,81
2020,01,Sécheresse,116
2020,12,Sécheresse,111
2020,15,Sécheresse,113
2020,16,Sécheresse,111
2020,17,Sécheresse,104
2020,19,Sécheresse,108
2020,22,Sécheresse,68
2020,29,Sécheresse,50
2020,32,Sécheresse,126
2020,33,Sécheresse,123
2020,37,Sécheresse,106
2020,41,Sécheresse,94
2020,44,Sécheresse,85
2020,46,Sécheresse,112
2020,47,Sécheresse,121
2020,49,Sécheresse,101
2020,50,Sécheresse,63
2020,56,Sécheresse,74
2020,61,Sécheresse,80
2020,79,Sécheresse,95
2020,81,Sécheresse,117
2020,82,Sécheresse,123
2020,84,Sécheresse,135
2020,86,Sécheresse,95
2020,87,Sécheresse,93
2020,05,Sécheresse,112
2020,09,Sécheresse,118
2020,25,Sécheresse,104
2020,35,Sécheresse,66
2020,63,Sécheresse,99
2020,74,Sécheresse,112
2020,23,Sécheresse,89
2020,90,Sécheresse,95
2020,11,Sécheresse,137
2020,62,Inondation,5
2020,32,Inondation,12
2020,40,Inondation,17
2020,85,Inondation,7
2020,19,Inondation,9
2020,23,Inondation,10
2020,47,Inondation,8
2020,48,Sécheresse,113
2020,36,Inondation,4
2020,46,Inondation,9
2020,84,Inondation,10
2020,24,Inondation,5
2020,33,Inondation,7
2020,42,Inondation,7
2020,43,Inondation,8
2020,03,Inondation,4
2020,18,Inondation,1
2020,86,Inondation,2
2020,10,Inondation,3
2020,35,Inondation,5
2020,75,Inondation,1
2020,78,Inondation,1
2020,91,Inondation,3
2020,92,Inondation,1
2020,93,Inondation,1
2020,95,Inondation,2
2020,17,Inondation,4
2020,41,Inondation,2
2020,45,Inondation,1
2020,52,Inondation,2
2020,77,Inondation,1
2020,79,Inondation,1
2020,82,Inondation,4
2020,89,Inondation,2
2020,21,Inondation,2
2020,58,Inondation,5
2020,69,Inondation,6
2020,02,Inondation,1
2020,60,Inondation,1
2020,14,Inondation,4
2020,27,Inondation,1
2020,61,Inondation,1
2020,80,Inondation,2
2020,50,Inondation,7
2020,76,Inondation,4
2020,08,Inondation,2
2020,16,Inondation,2
2021,01,Gel,149
2021,02,Gel,80
2021,03,Gel,135
2021,04,Gel,231
2021,05,Gel,269
2021,06,Gel,201
2021,07,Gel,162
2021,08,Gel,117
2021,09,Gel,184
2021,10,Gel,107
2021,11,Gel,85
2021,12,Gel,136
2021,14,Gel,78
2021,15,Gel,172
2021,16,Gel,75
2021,17,Gel,56
2021,18,Gel,103
2021,19,Gel,150
2021,21,Gel,120
2021,22,Gel,60
2021,23,Gel,134
2021,24,Gel,77
2021,25,Gel,183
2021,26,Gel,178
2021,27,Gel,69
2021,28,Gel,93
2021,29,Gel,45
2021,2A,Gel,163
2021,2B,Gel,136
2021,30,Gel,149
2021,31,Gel,198
2021,33,Gel,65
2021,34,Gel,109
2021,35,Gel,71
2021,36,Gel,103
2021,37,Gel,78
2021,38,Gel,254
2021,39,Gel,176
2021,40,Gel,65
2021,41,Gel,90
2021,42,Gel,156
2021,43,Gel,176
2021,44,Gel,70
2021,45,Gel,83
2021,46,Gel,91
2021,47,Gel,65
2021,48,Gel,181
2021,49,Gel,71
2021,50,Gel,90
2021,51,Gel,103
2021,52,Gel,133
2021,53,Gel,83
2021,54,Gel,114
2021,55,Gel,112
2021,56,Gel,74
2021,58,Gel,122
2021,59,Gel,61
2021,60,Gel,82
2021,61,Gel,96
2021,62,Gel,67
2021,63,Gel,197
2021,64,Gel,157
2021,65,Gel,239
2021,66,Gel,199
2021,67,Gel,157
2021,68,Gel,157
2021,69,Gel,121
2021,70,Gel,153
2021,71,Gel,120
2021,72,Gel,80
2021,73,Gel,276
2021,74,Gel,325
2021,75,Gel,49
2021,76,Gel,75
2021,77,Gel,91
2021,78,Gel,67
2021,79,Gel,83
2021,80,Gel,85
2021,81,Gel,103
2021,82,Gel,67
2021,83,Gel,147
2021,83,Inondation,13
2021,84,Gel,157
2021,85,Gel,68
2021,86,Gel,79
2021,87,Gel,98
2021,88,Gel,146
2021,89,Gel,107
2021,90,Gel,156
2021,91,Gel,71
2021,93,Gel,48
2021,94,Gel,42
2021,95,Gel,58
2021,32,Gel,44
2021,57,Gel,132
2021,92,Gel,19
2021,13,Gel,76
2021,50,Inondation,5
2021,03,Inondation,10
2021,39,Inondation,14
2021,63,Inondation,22
2021,67,Inondation,7
2021,68,Inondation,20
2021,70,Inondation,15
2021,88,Inondation,16
2021,01,Inondation,19
2021,25,Inondation,10
2021,38,Inondation,22
2021,42,Inondation,14
2021,74,Inondation,21
2021,07,Inondation,17
2021,30,Inondation,15
2021,15,Inondation,18
2021,37,Inondation,4
2021,44,Inondation,4
2021,49,Inondation,4
2021,85,Inondation,3
2021,05,Inondation,11
2021,06,Inondation,11
2021,2A,Inondation,19
2021,2B,Inondation,9
2021,33,Inondation,4
2021,40,Inondation,4
2021,73,Inondation,15
2021,64,Inondation,19
2021,19,Inondation,12
2021,90,Inondation,10
2021,09,Inondation,6
2021,81,Inondation,9
2021,11,Inondation,12
2021,12,Inondation,9
2021,34,Inondation,16
2021,46,Inondation,9
2021,23,Inondation,7
2021,65,Inondation,8
2021,64,Sécheresse,113
2021,66,Inondation,10
2021,40,Sécheresse,106
2021,10,Sécheresse,72
2021,15,Sécheresse,86
2021,16,Sécheresse,91
2021,17,Sécheresse,83
2021,18,Sécheresse,87
2021,19,Sécheresse,90
2021,21,Sécheresse,70
2021,23,Sécheresse,63
2021,24,Sécheresse,100
2021,33,Sécheresse,108
2021,36,Sécheresse,98
2021,37,Sécheresse,83
2021,43,Sécheresse,94
2021,45,Sécheresse,68
2021,46,Sécheresse,103
2021,49,Sécheresse,77
2021,52,Sécheresse,67
2021,65,Sécheresse,101
2021,76,Sécheresse,60
2021,87,Sécheresse,61
2021,01,Sécheresse,93
2021,02,Sécheresse,55
2021,03,Sécheresse,86
2021,07,Sécheresse,130
2021,08,Sécheresse,55
2021,09,Sécheresse,102
2021,13,Sécheresse,139
2021,14,Sécheresse,46
2021,25,Sécheresse,75
2021,26,Sécheresse,130
2021,27,Sécheresse,52
2021,2B,Sécheresse,148
2021,30,Sécheresse,139
2021,31,Sécheresse,111
2021,32,Sécheresse,109
2021,38,Sécheresse,121
2021,39,Sécheresse,85
2021,41,Sécheresse,64
2021,42,Sécheresse,93
2021,44,Sécheresse,67
2021,47,Sécheresse,107
2021,50,Sécheresse,35
2021,51,Sécheresse,67
2021,55,Sécheresse,60
2021,57,Sécheresse,62
2021,58,Sécheresse,76
2021,60,Sécheresse,54
2021,63,Sécheresse,75
2021,68,Sécheresse,72
2021,69,Sécheresse,103
2021,70,Sécheresse,73
2021,71,Sécheresse,82
2021,72,Sécheresse,58
2021,73,Sécheresse,105
2021,75,Sécheresse,67
2021,77,Sécheresse,71
2021,78,Sécheresse,57
2021,79,Sécheresse,86
2021,81,Sécheresse,104
2021,82,Sécheresse,114
2021,84,Sécheresse,137
2021,85,Sécheresse,75
2021,86,Sécheresse,83
2021,88,Sécheresse,59
2021,89,Sécheresse,68
2021,91,Sécheresse,55
2021,92,Sécheresse,55
2021,93,Sécheresse,50
2021,94,Sécheresse,65
2021,06,Sécheresse,138
2021,12,Sécheresse,95
2021,28,Sécheresse,62
2021,29,Sécheresse,29
2021,54,Sécheresse,61
2021,59,Sécheresse,44
2021,62,Sécheresse,35
2021,67,Sécheresse,74
2021,74,Sécheresse,91
2021,80,Sécheresse,45
2021,83,Sécheresse,146
2021,90,Sécheresse,67
2021,95,Sécheresse,46
2021,05,Sécheresse,113
2021,22,Sécheresse,38
2021,35,Sécheresse,41
2021,53,Sécheresse,45
2021,56,Sécheresse,35
2021,61,Sécheresse,38
2021,34,Sécheresse,137
2021,48,Sécheresse,103
2021,66,Sécheresse,146
2021,36,Inondation,3
2021,86,Inondation,4
2021,26,Inondation,16
2021,84,Inondation,11
2021,2A,Sécheresse,146
2021,13,Inondation,10
2021,11,Sécheresse,129
2021,04,Sécheresse,123
2021,04,Inondation,6
2021,43,Inondation,4
2021,48,Inondation,14
2021,69,Inondation,7
2021,71,Inondation,6
2021,60,Inondation,4
2021,76,Inondation,1
2021,77,Inondation,3
2021,27,Inondation,2
2021,54,Inondation,4
2021,61,Inondation,3
2021,72,Inondation,3
2021,75,Inondation,4
2021,91,Inondation,3
2021,08,Inondation,4
2021,21,Inondation,4
2021,57,Inondation,4
2021,58,Inondation,4
2021,59,Inondation,6
2021,89,Inondation,2
2021,17,Inondation,1
2021,79,Inondation,3
2021,80,Inondation,6
2021,18,Inondation,6
2021,24,Inondation,6
2021,28,Inondation,2
2021,14,Inondation,5
2021,22,Inondation,3
2021,56,Inondation,3
2021,87,Inondation,6
2021,02,Inondation,2
2021,10,Inondation,2
2021,94,Inondation,2
2021,52,Inondation,3
2021,55,Inondation,3
2021,35,Inondation,2
2021,53,Inondation,2
2021,51,Inondation,3
2021,62,Inondation,3
2021,41,Inondation,1
2021,45,Inondation,4
2021,78,Inondation,2
2021,92,Inondation,1
2021,93,Inondation,1
2021,95,Inondation,2
2021,29,Inondation,2
2021,47,Inondation,2
2021,82,Inondation,3
2021,31,Inondation,6
2022,01,Gel,131
2022,03,Gel,95
2022,04,Gel,195
2022,05,Gel,231
2022,06,Gel,183
2022,07,Gel,134
2022,09,Gel,155
2022,11,Gel,79
2022,12,Gel,98
2022,15,Gel,129
2022,19,Gel,101
2022,21,Gel,92
2022,23,Gel,104
2022,24,Gel,68
2022,25,Gel,152
2022,26,Gel,151
2022,30,Gel,127
2022,31,Gel,174
2022,32,Gel,44
2022,34,Gel,84
2022,36,Gel,72
2022,38,Gel,225
2022,39,Gel,150
2022,40,Sécheresse,154
2022,42,Gel,129
2022,43,Gel,147
2022,46,Gel,75
2022,48,Gel,139
2022,52,Gel,106
2022,58,Gel,88
2022,63,Gel,140
2022,64,Sécheresse,148
2022,65,Gel,205
2022,69,Gel,88
2022,70,Gel,114
2022,71,Gel,97
2022,73,Gel,232
2022,74,Gel,336
2022,79,Gel,63
2022,81,Gel,75
2022,83,Gel,121
2022,84,Gel,123
2022,86,Gel,65
2022,87,Gel,68
2022,90,Gel,113
2022,2A,Gel,163
2022,57,Gel,100
2022,66,Gel,166
2022,68,Gel,118
2022,88,Gel,112
2022,64,Gel,141
2022,67,Gel,119
2022,68,Inondation,13
2022,02,Gel,73
2022,08,Gel,93
2022,10,Gel,78
2022,14,Gel,51
2022,16,Gel,61
2022,17,Gel,53
2022,18,Gel,76
2022,27,Gel,46
2022,28,Gel,74
2022,2B,Gel,124
2022,33,Gel,53
2022,35,Gel,42
2022,37,Gel,57
2022,40,Gel,55
2022,41,Gel,61
2022,44,Gel,47
2022,45,Gel,62
2022,49,Gel,50
2022,50,Gel,57
2022,51,Gel,84
2022,53,Gel,53
2022,54,Gel,86
2022,55,Gel,86
2022,56,Gel,44
2022,60,Gel,70
2022,61,Gel,63
2022,72,Gel,53
2022,76,Gel,58
2022,77,Gel,77
2022,78,Gel,54
2022,80,Gel,67
2022,85,Gel,48
2022,89,Gel,74
2022,91,Gel,48
2022,95,Gel,42
2022,13,Gel,73
2022,29,Gel,38
2022,2B,Inondation,11
2022,47,Gel,52
2022,59,Gel,50
2022,62,Gel,53
2022,75,Gel,46
2022,82,Gel,53
2022,92,Gel,21
2022,93,Gel,35
2022,94,Gel,27
2022,64,Inondation,16
2022,88,Inondation,14
2022,09,Inondation,5
2022,11,Inondation,6
2022,31,Inondation,3
2022,34,Inondation,13
2022,65,Inondation,11
2022,66,Inondation,7
2022,81,Inondation,8
2022,22,Gel,37
2022,55,Inondation,4
2022,67,Inondation,4
2022,07,Inondation,27
2022,29,Inondation,3
2022,30,Inondation,17
2022,48,Inondation,18
2022,06,Inondation,6
2022,83,Inondation,12
2022,01,Inondation,8
2022,15,Inondation,14
2022,46,Inondation,4
2022,70,Inondation,9
2022,90,Inondation,9
2022,38,Inondation,17
2022,12,Inondation,9
2022,2A,Inondation,17
2022,65,Sécheresse,149
2022,40,Inondation,5
2022,36,Sécheresse,134
2022,26,Inondation,14
2022,05,Inondation,7
2022,16,Inondation,1
2022,17,Inondation,1
2022,19,Inondation,5
2022,23,Inondation,5
2022,24,Inondation,1
2022,25,Inondation,10
2022,39,Inondation,9
2022,63,Inondation,10
2022,73,Inondation,11
2022,74,Inondation,15
2022,87,Inondation,1
2022,06,Sécheresse,166
2022,10,Inondation,2
2022,27,Inondation,1
2022,28,Inondation,3
2022,2B,Sécheresse,174
2022,51,Inondation,4
2022,52,Inondation,1
2022,54,Inondation,1
2022,57,Inondation,2
2022,61,Inondation,1
2022,77,Inondation,3
2022,78,Inondation,2
2022,91,Inondation,1
2022,23,Sécheresse,115
2022,33,Sécheresse,147
2022,37,Sécheresse,114
2022,67,Sécheresse,118
2022,68,Sécheresse,118
2022,04,Sécheresse,152
2022,07,Sécheresse,168
2022,11,Sécheresse,171
2022,12,Sécheresse,146
2022,13,Sécheresse,178
2022,19,Sécheresse,143
2022,26,Sécheresse,162
2022,2A,Sécheresse,178
2022,30,Sécheresse,173
2022,34,Sécheresse,166
2022,38,Sécheresse,152
2022,74,Sécheresse,126
2022,83,Sécheresse,175
2022,84,Sécheresse,176
2022,05,Sécheresse,143
2022,09,Sécheresse,147
2022,16,Sécheresse,131
2022,24,Sécheresse,147
2022,35,Sécheresse,86
2022,44,Sécheresse,102
2022,46,Sécheresse,156
2022,47,Sécheresse,147
2022,48,Sécheresse,127
2022,50,Sécheresse,72
2022,66,Sécheresse,166
2022,69,Sécheresse,137
2022,73,Sécheresse,136
2022,15,Sécheresse,128
2022,82,Sécheresse,150
2022,04,Inondation,9
2022,43,Inondation,3
2022,84,Inondation,12
2022,44,Inondation,2
2022,56,Inondation,4
2022,58,Inondation,3
2022,79,Inondation,1
2022,31,Sécheresse,153
2022,43,Sécheresse,132
2022,18,Sécheresse,122
2022,62,Inondation,6
2022,87,Sécheresse,117
2022,03,Sécheresse,123
2022,10,Sécheresse,109
2022,17,Sécheresse,121
2022,32,Sécheresse,149
2022,39,Sécheresse,117
2022,49,Sécheresse,108
2022,52,Sécheresse,106
2022,54,Sécheresse,105
2022,58,Sécheresse,113
2022,70,Sécheresse,111
2022,71,Sécheresse,125
2022,79,Sécheresse,114
2022,81,Sécheresse,148
2022,85,Sécheresse,107
2022,86,Sécheresse,120
2022,01,Sécheresse,130
2022,02,Sécheresse,91
2022,08,Sécheresse,100
2022,14,Sécheresse,75
2022,21,Sécheresse,114
2022,22,Sécheresse,71
2022,25,Sécheresse,116
2022,27,Sécheresse,89
2022,28,Sécheresse,96
2022,29,Sécheresse,60
2022,41,Sécheresse,105
2022,42,Sécheresse,137
2022,45,Sécheresse,107
2022,51,Sécheresse,102
2022,53,Sécheresse,95
2022,55,Sécheresse,101
2022,56,Sécheresse,80
2022,57,Sécheresse,102
2022,59,Sécheresse,81
2022,60,Sécheresse,88
2022,61,Sécheresse,83
2022,63,Sécheresse,121
2022,72,Sécheresse,104
2022,75,Sécheresse,94
2022,76,Sécheresse,82
2022,77,Sécheresse,105
2022,78,Sécheresse,94
2022,80,Sécheresse,81
2022,88,Sécheresse,98
2022,89,Sécheresse,109
2022,91,Sécheresse,95
2022,92,Sécheresse,90
2022,93,Sécheresse,93
2022,94,Sécheresse,94
2022,95,Sécheresse,83
2022,62,Sécheresse,70
2022,90,Sécheresse,105
2022,35,Inondation,4
2022,50,Inondation,4
2022,72,Inondation,2
2022,14,Inondation,1
2022,22,Inondation,4
2022,42,Inondation,2
2022,69,Inondation,3
2022,18,Inondation,1
2022,53,Inondation,1
2022,03,Inondation,2
2022,32,Inondation,2
2022,82,Inondation,1
2022,21,Inondation,1
2022,71,Inondation,1
2022,93,Inondation,1
2022,85,Inondation,1
2022,49,Inondation,1
2022,80,Inondation,2
2022,76,Inondation,2
2022,36,Inondation,1
2022,37,Inondation,1
2022,41,Inondation,1
2022,45,Inondation,1
2022,86,Inondation,1
2022,89,Inondation,1
2022,13,Inondation,4
2023,04,Gel,204
2023,05,Gel,257
2023,38,Gel,239
2023,63,Gel,136
2023,65,Gel,225
2023,73,Gel,245
2023,74,Gel,325
2023,83,Gel,121
2023,06,Gel,193
2023,26,Gel,149
2023,31,Gel,166
2023,34,Inondation,12
2023,64,Gel,154
2023,66,Gel,174
2023,02,Gel,59
2023,03,Gel,89
2023,09,Gel,163
2023,10,Gel,67
2023,18,Gel,62
2023,19,Gel,91
2023,21,Gel,75
2023,23,Gel,84
2023,25,Gel,137
2023,36,Gel,59
2023,39,Gel,136
2023,40,Gel,59
2023,42,Gel,123
2023,43,Gel,136
2023,48,Gel,144
2023,52,Gel,87
2023,68,Gel,110
2023,79,Gel,47
2023,86,Gel,52
2023,01,Gel,127
2023,07,Gel,125
2023,11,Gel,85
2023,12,Gel,105
2023,13,Gel,76
2023,15,Gel,131
2023,30,Gel,131
2023,33,Gel,46
2023,34,Gel,85
2023,46,Gel,80
2023,47,Gel,56
2023,54,Gel,75
2023,57,Gel,79
2023,58,Gel,71
2023,67,Gel,106
2023,69,Gel,78
2023,71,Gel,78
2023,81,Gel,84
2023,82,Gel,57
2023,84,Gel,131
2023,88,Gel,91
2023,90,Gel,112
2023,2A,Gel,163
2023,24,Gel,64
2023,2B,Gel,127
2023,32,Gel,43
2023,04,Inondation,12
2023,05,Inondation,17
2023,06,Inondation,15
2023,15,Inondation,18
2023,25,Inondation,9
2023,2A,Inondation,28
2023,2B,Inondation,17
2023,63,Inondation,18
2023,68,Inondation,13
2023,83,Inondation,14
2023,88,Inondation,12
2023,70,Gel,108
2023,08,Gel,66
2023,77,Gel,61
2023,87,Gel,68
2023,79,Inondation,5
2023,90,Inondation,10
2023,32,Inondation,4
2023,40,Inondation,13
2023,64,Inondation,29
2023,65,Inondation,17
2023,14,Gel,43
2023,27,Gel,46
2023,28,Gel,58
2023,35,Gel,41
2023,41,Gel,56
2023,45,Gel,55
2023,49,Gel,45
2023,50,Gel,47
2023,51,Gel,62
2023,53,Gel,45
2023,55,Gel,72
2023,59,Gel,41
2023,60,Gel,57
2023,61,Gel,54
2023,62,Gel,40
2023,72,Gel,46
2023,75,Gel,40
2023,76,Gel,49
2023,78,Gel,50
2023,80,Gel,53
2023,89,Gel,64
2023,91,Gel,48
2023,93,Gel,32
2023,94,Gel,23
2023,95,Gel,39
2023,16,Gel,47
2023,17,Gel,43
2023,22,Gel,34
2023,29,Gel,28
2023,37,Gel,46
2023,44,Gel,41
2023,56,Gel,42
2023,85,Gel,43
2023,92,Gel,15
2023,30,Inondation,13
2023,48,Inondation,16
2023,07,Inondation,20
2023,08,Inondation,4
2023,55,Inondation,3
2023,57,Inondation,4
2023,2A,Sécheresse,178
2023,2B,Sécheresse,175
2023,01,Inondation,14
2023,12,Inondation,8
2023,17,Inondation,4
2023,19,Inondation,9
2023,24,Inondation,1
2023,33,Inondation,7
2023,38,Inondation,31
2023,42,Inondation,8
2023,46,Inondation,3
2023,47,Inondation,1
2023,73,Inondation,27
2023,74,Inondation,30
2023,81,Inondation,7
2023,87,Inondation,7
2023,06,Sécheresse,163
2023,11,Inondation,8
2023,66,Sécheresse,170
2023,83,Sécheresse,175
2023,09,Sécheresse,141
2023,12,Sécheresse,136
2023,19,Sécheresse,132
2023,24,Sécheresse,140
2023,31,Sécheresse,151
2023,32,Sécheresse,148
2023,33,Sécheresse,142
2023,38,Sécheresse,143
2023,40,Sécheresse,151
2023,46,Sécheresse,139
2023,47,Sécheresse,143
2023,63,Sécheresse,126
2023,64,Sécheresse,147
2023,65,Sécheresse,143
2023,81,Sécheresse,141
2023,03,Sécheresse,125
2023,05,Sécheresse,136
2023,15,Sécheresse,122
2023,18,Sécheresse,124
2023,23,Sécheresse,118
2023,36,Sécheresse,128
2023,42,Sécheresse,132
2023,43,Sécheresse,129
2023,58,Sécheresse,121
2023,71,Sécheresse,126
2023,82,Sécheresse,144
2023,09,Inondation,8
2023,11,Sécheresse,162
2023,13,Sécheresse,165
2023,07,Sécheresse,149
2023,26,Sécheresse,149
2023,34,Sécheresse,156
2023,30,Sécheresse,155
2023,84,Sécheresse,158
2023,01,Sécheresse,130
2023,04,Sécheresse,137
2023,16,Sécheresse,132
2023,17,Sécheresse,122
2023,48,Sécheresse,126
2023,69,Sécheresse,133
2023,73,Sécheresse,128
2023,79,Sécheresse,121
2023,86,Sécheresse,124
2023,87,Sécheresse,113
2023,49,Sécheresse,115
2023,85,Sécheresse,114
2023,02,Sécheresse,95
2023,08,Sécheresse,89
2023,10,Sécheresse,112
2023,21,Sécheresse,123
2023,25,Sécheresse,114
2023,39,Sécheresse,118
2023,45,Sécheresse,113
2023,51,Sécheresse,105
2023,52,Sécheresse,112
2023,54,Sécheresse,103
2023,55,Sécheresse,100
2023,57,Sécheresse,102
2023,67,Sécheresse,120
2023,68,Sécheresse,120
2023,70,Sécheresse,114
2023,74,Sécheresse,123
2023,76,Sécheresse,78
2023,77,Sécheresse,114
2023,88,Sécheresse,105
2023,89,Sécheresse,112
2023,90,Sécheresse,108
2023,37,Sécheresse,116
2023,41,Sécheresse,110
2023,43,Inondation,7
2023,69,Inondation,4
2023,84,Inondation,5
2023,03,Inondation,3
2023,91,Sécheresse,103
2023,26,Inondation,16
2023,31,Inondation,1
2023,35,Sécheresse,88
2023,44,Sécheresse,98
2023,53,Sécheresse,82
2023,72,Sécheresse,100
2023,75,Sécheresse,100
2023,14,Sécheresse,68
2023,27,Sécheresse,84
2023,28,Sécheresse,92
2023,29,Sécheresse,45
2023,50,Sécheresse,59
2023,56,Sécheresse,68
2023,60,Sécheresse,86
2023,78,Sécheresse,99
2023,80,Sécheresse,74
2023,92,Sécheresse,88
2023,93,Sécheresse,97
2023,94,Sécheresse,101
2023,59,Sécheresse,75
2023,61,Sécheresse,70
2023,95,Sécheresse,82
2023,62,Sécheresse,61
2023,22,Sécheresse,69
2023,13,Inondation,3
2023,66,Inondation,3
2023,76,Inondation,3
2023,86,Inondation,2
2023,23,Inondation,4
2023,21,Inondation,2
2023,51,Inondation,2
2023,71,Inondation,4
2023,39,Inondation,11
2023,62,Inondation,5
2023,80,Inondation,4
2023,28,Inondation,1
2023,61,Inondation,2
2023,77,Inondation,2
2023,45,Inondation,1
2023,75,Inondation,1
2023,93,Inondation,1
2023,67,Inondation,3
2023,54,Inondation,1
2023,14,Inondation,1
2023,50,Inondation,5
2023,70,Inondation,9
2023,52,Inondation,3
2023,02,Inondation,1
2023,59,Inondation,2
2023,49,Inondation,2
2023,35,Inondation,2
2023,44,Inondation,3
2023,56,Inondation,3
2023,36,Inondation,3
2023,85,Inondation,2
2023,16,Inondation,1
2023,53,Inondation,1
2023,29,Inondation,1
2023,58,Inondation,2
2024,01,Gel,128
2024,04,Gel,212
2024,05,Gel,272
2024,06,Gel,189
2024,07,Gel,128
2024,09,Gel,163
2024,11,Gel,76
2024,13,Gel,64
2024,14,Inondation,4
2024,15,Gel,139
2024,22,Inondation,2
2024,25,Gel,150
2024,26,Gel,146
2024,29,Inondation,7
2024,2A,Gel,159
2024,2B,Gel,124
2024,30,Gel,133
2024,31,Gel,118
2024,38,Gel,250
2024,39,Gel,148
2024,42,Gel,120
2024,43,Gel,141
2024,44,Inondation,3
2024,48,Gel,154
2024,50,Inondation,5
2024,56,Inondation,5
2024,63,Gel,133
2024,64,Gel,144
2024,65,Gel,228
2024,66,Gel,175
2024,67,Gel,97
2024,68,Gel,109
2024,69,Gel,80
2024,70,Gel,115
2024,73,Gel,263
2024,74,Gel,339
2024,84,Gel,120
2024,90,Gel,108
2024,08,Inondation,6
2024,12,Gel,100
2024,25,Inondation,9
2024,34,Gel,70
2024,55,Inondation,3
2024,62,Inondation,4
2024,68,Inondation,12
2024,70,Inondation,15
2024,74,Inondation,21
2024,81,Gel,74
2024,83,Gel,114
2024,88,Inondation,11
2024,90,Inondation,12
2024,06,Inondation,29
2024,31,Inondation,7
2024,35,Gel,35
2024,56,Gel,34
2024,64,Inondation,26
2024,83,Inondation,24
2024,03,Gel,89
2024,10,Gel,54
2024,16,Gel,34
2024,17,Gel,26
2024,18,Gel,55
2024,19,Gel,90
2024,21,Gel,66
2024,28,Gel,50
2024,33,Gel,30
2024,36,Gel,45
2024,41,Gel,45
2024,45,Gel,44
2024,51,Gel,58
2024,52,Gel,70
2024,54,Gel,54
2024,57,Gel,68
2024,58,Gel,68
2024,71,Gel,74
2024,78,Gel,43
2024,86,Gel,40
2024,87,Gel,58
2024,88,Gel,94
2024,89,Gel,54
2024,02,Gel,44
2024,08,Gel,52
2024,23,Gel,74
2024,29,Gel,22
2024,2B,Inondation,26
2024,40,Gel,37
2024,44,Gel,29
2024,46,Gel,62
2024,59,Gel,32
2024,72,Gel,45
2024,76,Gel,39
2024,79,Gel,35
2024,85,Gel,30
2024,14,Gel,34
2024,22,Gel,24
2024,24,Gel,42
2024,27,Gel,34
2024,37,Gel,35
2024,49,Gel,36
2024,50,Gel,37
2024,53,Gel,40
2024,55,Gel,51
2024,60,Gel,41
2024,61,Gel,49
2024,62,Gel,33
2024,75,Gel,33
2024,77,Gel,50
2024,80,Gel,41
2024,91,Gel,38
2024,92,Gel,14
2024,93,Gel,26
2024,94,Gel,22
2024,95,Gel,34
2024,32,Gel,26
2024,47,Gel,31
2024,82,Gel,30
2024,34,Inondation,22
2024,01,Inondation,9
2024,05,Inondation,21
2024,15,Inondation,23
2024,19,Inondation,16
2024,38,Inondation,33
2024,39,Inondation,10
2024,63,Inondation,10
2024,73,Inondation,23
2024,11,Sécheresse,143
2024,34,Sécheresse,144
2024,65,Sécheresse,108
2024,66,Sécheresse,148
2024,09,Sécheresse,104
2024,64,Sécheresse,122
2024,04,Inondation,11
2024,07,Inondation,29
2024,13,Inondation,8
2024,26,Inondation,14
2024,30,Inondation,30
2024,48,Inondation,32
2024,84,Inondation,13
2024,12,Inondation,16
2024,2A,Inondation,20
2024,81,Inondation,8
2024,31,Sécheresse,110
2024,79,Inondation,4
2024,33,Inondation,6
2024,40,Inondation,12
2024,47,Inondation,2
2024,17,Inondation,2
2024,09,Inondation,7
2024,66,Inondation,7
2024,03,Inondation,8
2024,21,Inondation,6
2024,42,Inondation,13
2024,43,Inondation,13
2024,58,Inondation,8
2024,71,Inondation,8
2024,89,Inondation,5
2024,07,Sécheresse,128
2024,13,Sécheresse,161
2024,30,Sécheresse,139
2024,83,Sécheresse,156
2024,19,Sécheresse,99
2024,24,Sécheresse,99
2024,06,Sécheresse,143
2024,26,Sécheresse,124
2024,40,Sécheresse,111
2024,05,Sécheresse,103
2024,16,Sécheresse,85
2024,17,Sécheresse,79
2024,32,Sécheresse,100
2024,33,Sécheresse,98
2024,38,Sécheresse,116
2024,43,Sécheresse,87
2024,46,Sécheresse,109
2024,47,Sécheresse,99
2024,81,Sécheresse,91
2024,82,Sécheresse,96
2024,84,Sécheresse,153
2024,2B,Sécheresse,162
2024,69,Inondation,9
2024,65,Inondation,12
2024,16,Inondation,2
2024,23,Inondation,9
2024,24,Inondation,4
2024,2A,Sécheresse,176
2024,36,Inondation,6
2024,41,Inondation,4
2024,86,Inondation,2
2024,87,Inondation,7
2024,52,Inondation,6
2024,03,Sécheresse,91
2024,18,Sécheresse,89
2024,23,Sécheresse,74
2024,36,Sécheresse,91
2024,58,Sécheresse,77
2024,63,Sécheresse,85
2024,68,Sécheresse,88
2024,73,Sécheresse,100
2024,74,Sécheresse,91
2024,86,Sécheresse,78
2024,87,Sécheresse,74
2024,01,Sécheresse,98
2024,02,Sécheresse,59
2024,08,Sécheresse,61
2024,10,Sécheresse,77
2024,15,Sécheresse,77
2024,25,Sécheresse,85
2024,39,Sécheresse,88
2024,41,Sécheresse,68
2024,42,Sécheresse,93
2024,45,Sécheresse,75
2024,51,Sécheresse,74
2024,52,Sécheresse,68
2024,54,Sécheresse,73
2024,55,Sécheresse,74
2024,57,Sécheresse,74
2024,60,Sécheresse,55
2024,67,Sécheresse,91
2024,69,Sécheresse,105
2024,70,Sécheresse,82
2024,71,Sécheresse,87
2024,77,Sécheresse,73
2024,88,Sécheresse,75
2024,89,Sécheresse,73
2024,90,Sécheresse,76
2024,94,Sécheresse,60
2024,04,Sécheresse,112
2024,18,Inondation,5
2024,21,Sécheresse,80
2024,12,Sécheresse,97
2024,27,Sécheresse,58
2024,48,Sécheresse,90
2024,72,Sécheresse,57
2024,85,Sécheresse,70
2024,14,Sécheresse,37
2024,22,Sécheresse,39
2024,28,Sécheresse,60
2024,35,Sécheresse,48
2024,37,Sécheresse,71
2024,44,Sécheresse,57
2024,49,Sécheresse,71
2024,50,Sécheresse,30
2024,53,Sécheresse,43
2024,59,Sécheresse,54
2024,61,Sécheresse,36
2024,75,Sécheresse,66
2024,76,Sécheresse,54
2024,78,Sécheresse,64
2024,79,Sécheresse,72
2024,80,Sécheresse,50
2024,91,Sécheresse,62
2024,92,Sécheresse,55
2024,93,Sécheresse,60
2024,95,Sécheresse,53
2024,37,Inondation,4
2024,27,Inondation,2
2024,28,Inondation,5
2024,46,Inondation,5
2024,61,Inondation,5
2024,77,Inondation,6
2024,29,Sécheresse,19
2024,56,Sécheresse,30
2024,62,Sécheresse,44
2024,57,Inondation,4
2024,67,Inondation,4
2024,54,Inondation,4
2024,53,Inondation,5
2024,72,Inondation,5
2024,91,Inondation,3
2024,85,Inondation,4
2024,80,Inondation,1
2024,11,Inondation,8
2024,49,Inondation,3
2024,82,Inondation,3
2024,93,Inondation,2
2024,94,Inondation,2
2024,10,Inondation,1
2024,60,Inondation,3
2024,76,Inondation,3
2024,35,Inondation,2
2024,51,Inondation,2
2024,02,Inondation,1
2024,45,Inondation,1
2024,59,Inondation,1
2024,75,Inondation,2
2024,78,Inondation,2
2024,92,Inondation,1
2024,95,Inondation,2
2024,32,Inondation,1
2011,28,Inondation,0
2011,75,Inondation,0
2011,92,Inondation,0
2011,93,Inondation,0
2011,95,Inondation,0
2012,75,Inondation,0
2012,92,Inondation,0
2012,93,Inondation,0
2012,94,Inondation,0
2012,95,Inondation,0
2013,75,Inondation,0
2013,92,Inondation,0
2013,94,Inondation,0
2014,02,Inondation,0
2014,75,Inondation,0
2014,92,Inondation,0
2014,93,Inondation,0
2014,94,Inondation,0
2014,95,Inondation,0
2015,22,Inondation,0
2015,60,Inondation,0
2015,75,Inondation,0
2015,92,Inondation,0
2015,93,Inondation,0
2015,94,Inondation,0
2015,95,Inondation,0
2016,35,Inondation,0
2016,53,Inondation,0
2016,61,Inondation,0
2017,35,Inondation,0
2017,37,Inondation,0
2017,53,Inondation,0
2017,85,Inondation,0
2017,95,Inondation,0
2019,36,Inondation,0
2019,41,Inondation,0
2019,49,Inondation,0
2019,55,Inondation,0
2019,72,Inondation,0
2019,92,Inondation,0
2019,95,Inondation,0
2020,28,Inondation,0
2020,37,Inondation,0
2020,72,Inondation,0
2020,94,Inondation,0
2021,16,Inondation,0
2021,32,Inondation,0
2022,02,Inondation,0
2022,08,Inondation,0
2022,33,Inondation,0
2022,47,Inondation,0
2022,59,Inondation,0
2022,60,Inondation,0
2022,75,Inondation,0
2022,92,Inondation,0
2022,94,Inondation,0
2022,95,Inondation,0
2023,10,Inondation,0
2023,18,Inondation,0
2023,22,Inondation,0
2023,27,Inondation,0
2023,37,Inondation,0
2023,41,Inondation,0
2023,60,Inondation,0
2023,72,Inondation,0
2023,78,Inondation,0
2023,82,Inondation,0
2023,89,Inondation,0
2023,91,Inondation,0
2023,92,Inondation,0
2023,94,Inondation,0
2023,95,Inondation,0
2019,92,Sécheresse,0
